midpoint	G12
182212.5	0.0703125
320200.5	0.0703125
451231.5	0.0703125
628262.0	0.28125
728726.0	0.0703125
857199.5	0.0703125
982529.5	0.0703125
1139793.0	0.0703125
1288056.0	0.0859375
1506512.0	0.109375
1588936.0	0.34375
1724481.5	0.28125
1900753.5	0.0859375
1982385.0	0.0859375
2097660.0	0.578125
2289948.0	0.4921875
2485716.5	0.5
2639847.5	0.421875
2831945.5	0.4921875
2970180.5	0.2265625
3033207.0	0.1796875
3086003.5	0.1796875
3117747.0	0.2265625
3167404.5	0.2265625
3205032.5	0.2265625
3236014.5	0.234375
3255854.0	0.234375
3276249.5	0.234375
3299748.0	0.1484375
3319680.5	0.109375
3378653.5	0.109375
3396532.0	0.109375
3410544.5	0.109375
3429821.5	0.109375
3443981.5	0.109375
3464862.5	0.109375
3486754.0	0.109375
3503727.5	0.109375
3514324.5	0.109375
3530781.0	0.0859375
3544201.0	0.0703125
3582320.5	0.0703125
3602675.0	0.0703125
3617802.5	0.0703125
3629727.0	0.0703125
3647572.0	0.0703125
3673682.5	0.0703125
3683880.5	0.0703125
3699021.0	0.0703125
3716754.5	0.0703125
3726786.0	0.0703125
3737062.0	0.0703125
3749680.0	0.0703125
3760276.0	0.0703125
3778377.0	0.0859375
3802213.5	0.0703125
3842501.5	0.0703125
3858560.5	0.0703125
3873055.5	0.0703125
3891426.5	0.0703125
3913787.5	0.0703125
3928954.5	0.0703125
3948815.5	0.0859375
3969601.0	0.0703125
3993707.5	0.0703125
4108535.5	0.0703125
4129057.0	0.0703125
4147539.0	0.0703125
4167111.5	0.0703125
4185981.0	0.0703125
4208192.5	0.0703125
4227017.5	0.0703125
4243013.5	0.0703125
4255731.0	0.0703125
4281554.0	0.0703125
4292287.0	0.0703125
4314028.5	0.0703125
4328775.0	0.0703125
4341251.5	0.0703125
4360664.5	0.0703125
4397072.5	0.0703125
4420047.0	0.0703125
4436085.5	0.0703125
4450420.0	0.0703125
4467632.5	0.0703125
4491045.0	0.0703125
4501571.0	0.0703125
4514012.5	0.0703125
4522902.0	0.0703125
4557682.0	0.0703125
4573811.0	0.0703125
4587034.5	0.0703125
4604185.0	0.0703125
4655398.5	0.0703125
4676337.5	0.0703125
4694277.5	0.0703125
4721872.0	0.0703125
4738617.5	0.0703125
4753014.5	0.0703125
4764707.5	0.0703125
4777761.5	0.0703125
4789378.0	0.0703125
4801710.5	0.0703125
4812175.5	0.0703125
4826061.5	0.0703125
4847833.0	0.0703125
4860320.5	0.0703125
4876475.5	0.0703125
4888488.0	0.0703125
4919297.5	0.0703125
4930938.0	0.0703125
4953666.0	0.0703125
4965116.0	0.0703125
4979929.5	0.0703125
5007924.5	0.0703125
5026005.0	0.0703125
5183770.0	0.0703125
5286476.0	0.0703125
5412115.0	0.0703125
5488595.5	0.0703125
5501520.5	0.0703125
5513742.0	0.0703125
5529865.5	0.0703125
5563330.5	0.0703125
5596052.0	0.0703125
5632270.0	0.0703125
5654300.0	0.0703125
5669025.5	0.0703125
5688454.5	0.0703125
5705381.5	0.0703125
5721901.0	0.0703125
5736397.0	0.0703125
5751807.0	0.0703125
5775741.0	0.0703125
5794718.5	0.0703125
5812842.5	0.0703125
5831108.0	0.0703125
5863236.5	0.0703125
5877060.0	0.0703125
5888436.0	0.0703125
5898873.0	0.0703125
5914839.5	0.0703125
5924022.5	0.0703125
5936532.5	0.0703125
5978806.0	0.0703125
5996150.5	0.0703125
6017914.5	0.0703125
6038269.5	0.0703125
6062499.5	0.0703125
6079277.5	0.0703125
6098717.0	0.0703125
6113739.5	0.0703125
6128922.5	0.0703125
6140006.5	0.0703125
6156438.0	0.0703125
6166401.0	0.0703125
6176605.5	0.0703125
6187898.5	0.0703125
6200967.5	0.0703125
6218457.0	0.0703125
6233870.5	0.0703125
6245418.0	0.0703125
6256630.5	0.0703125
6294991.0	0.0703125
6369009.5	0.0703125
6383984.0	0.0703125
6399951.0	0.0703125
6412331.5	0.0703125
6431314.0	0.0703125
6442417.5	0.0703125
6454499.5	0.0703125
6466720.0	0.0703125
6483342.0	0.0703125
6496184.0	0.0703125
6510035.5	0.0703125
6526958.0	0.0703125
6538739.0	0.0703125
6554013.5	0.0703125
6589625.5	0.0703125
6607874.5	0.0703125
6623321.5	0.0703125
6641368.5	0.0703125
6654951.0	0.0703125
6672059.5	0.0703125
6684671.0	0.0703125
6699684.5	0.0703125
6718218.5	0.0703125
6732716.5	0.0703125
6742630.0	0.0703125
6753962.0	0.0703125
6767656.5	0.0703125
6785945.5	0.0703125
6795894.0	0.0703125
6808282.5	0.0703125
6820466.0	0.0703125
6834751.5	0.0703125
6845369.0	0.0703125
6858210.0	0.0703125
6868917.5	0.0703125
6879368.0	0.0703125
6890301.0	0.0703125
6902232.5	0.0703125
6912482.5	0.0703125
6927624.5	0.0703125
6940939.5	0.0703125
6954349.0	0.0703125
6974654.5	0.0703125
6984550.5	0.0703125
6996643.0	0.0703125
7016929.0	0.0703125
7027862.0	0.0703125
7044857.5	0.0703125
7054031.5	0.0703125
7067278.5	0.0703125
7077571.5	0.0703125
7090522.5	0.0703125
7103763.5	0.0703125
7117005.5	0.0703125
7145016.0	0.0703125
7177251.0	0.0703125
7190446.5	0.0703125
7208562.5	0.0703125
7225018.5	0.0703125
7234573.5	0.0703125
7244591.5	0.0703125
7253115.5	0.0703125
7283759.5	0.0703125
7300546.0	0.0703125
7323864.0	0.0703125
7335316.5	0.0703125
7353078.5	0.0703125
7428514.5	0.0703125
7452000.0	0.0703125
7523723.5	0.0703125
7540756.0	0.0703125
7557145.5	0.0703125
7572888.5	0.0703125
7592378.0	0.0703125
7609619.5	0.0703125
7619651.5	0.0703125
7632491.5	0.0703125
7643677.0	0.0703125
7655364.5	0.0703125
7667645.0	0.0703125
7680859.5	0.0703125
7694671.5	0.0703125
7705813.0	0.0703125
7717924.5	0.0703125
7739280.0	0.0703125
7757651.5	0.0703125
7777835.0	0.0703125
7796717.0	0.0703125
7807668.0	0.0703125
7824295.0	0.0703125
7836325.5	0.0703125
7850180.0	0.0703125
7866907.5	0.0703125
7880907.0	0.0703125
7894755.0	0.0703125
7907444.0	0.0703125
7918101.5	0.0703125
7931262.5	0.0703125
7943201.0	0.0703125
7955414.0	0.0703125
7967269.0	0.0703125
7978874.5	0.0703125
7991592.5	0.0703125
8002621.0	0.0703125
8014791.5	0.0703125
8026709.5	0.0703125
8048113.5	0.0703125
8057321.5	0.0703125
8066805.5	0.0703125
8076617.0	0.0703125
8085771.0	0.0703125
8096340.5	0.0703125
8108785.5	0.0703125
8119419.5	0.0703125
8131248.0	0.0703125
8141757.5	0.0703125
8154136.5	0.0703125
8165170.0	0.0703125
8190498.0	0.0703125
8214916.5	0.0703125
8225813.0	0.0703125
8235351.0	0.0703125
8251342.5	0.0703125
8260802.5	0.0703125
8270180.5	0.0703125
8278832.5	0.0703125
8304837.0	0.0703125
8317292.5	0.0703125
8328900.5	0.0703125
8357429.0	0.0703125
8583094.5	0.0703125
8596763.5	0.0703125
8616706.5	0.0703125
8631722.5	0.0703125
8649458.0	0.0703125
8666809.0	0.0703125
8685930.5	0.0703125
8697469.5	0.0703125
8712124.0	0.0703125
8736075.5	0.0703125
8747459.5	0.0703125
8767235.0	0.0703125
8787739.5	0.0703125
8799098.5	0.0703125
8824691.0	0.0703125
8844589.0	0.0703125
8856759.5	0.0703125
8871686.5	0.0703125
8886503.0	0.0703125
8902248.0	0.0703125
8918127.0	0.0703125
8935791.0	0.0703125
8945607.0	0.0703125
8957198.5	0.0703125
8968515.5	0.0703125
8987121.0	0.0703125
9000603.5	0.0703125
9010111.0	0.0703125
9019334.5	0.0859375
9031541.5	0.0859375
9047471.0	0.0703125
9061942.5	0.0703125
9074559.0	0.0703125
9091913.0	0.0703125
9107844.5	0.0703125
9162106.0	0.0703125
9174661.5	0.0703125
9185468.5	0.0703125
9203493.5	0.0703125
9214630.5	0.0703125
9236128.5	0.0703125
9249753.5	0.0859375
9302952.0	0.0859375
9317005.5	0.0703125
9328597.5	0.0703125
9339376.0	0.0703125
9354360.5	0.0703125
9371683.5	0.0703125
9380402.5	0.0703125
9390348.0	0.0703125
9401053.0	0.0703125
9413133.5	0.0703125
9430730.5	0.0703125
9442928.0	0.0703125
9456975.5	0.0703125
9469021.0	0.0703125
9484554.5	0.0703125
9496941.0	0.0703125
9510234.0	0.0703125
9530618.0	0.0703125
9541723.5	0.0703125
9554328.5	0.0703125
9567525.0	0.0703125
9576247.0	0.0703125
9588408.0	0.0703125
9599671.0	0.0703125
9614079.0	0.0703125
9626300.5	0.0703125
9642013.0	0.0703125
9654162.5	0.0703125
9663249.5	0.0703125
9672270.5	0.0703125
9682319.0	0.0703125
9692104.0	0.0703125
9735489.5	0.0703125
9749150.5	0.0703125
9764716.5	0.0703125
9781311.5	0.0703125
9798951.0	0.0703125
9818181.5	0.0703125
9835185.5	0.0703125
9847670.5	0.0703125
9861995.5	0.0703125
9874964.5	0.0703125
9890233.0	0.0703125
9900618.5	0.0703125
9912298.5	0.0703125
9925910.5	0.0703125
9938677.5	0.0703125
9952419.5	0.0703125
9962535.5	0.0859375
9974023.0	0.0703125
9989615.5	0.0703125
9998735.0	0.0703125
10010553.5	0.0703125
10021361.0	0.0703125
10032844.5	0.0703125
10042863.5	0.0703125
10054355.0	0.0859375
10065253.0	0.0703125
10076639.0	0.0703125
10085083.5	0.0703125
10094242.0	0.0703125
10105512.0	0.0703125
10115748.0	0.0703125
10139784.5	0.0703125
10155735.5	0.0703125
10173271.0	0.0703125
10196241.0	0.0703125
10212739.0	0.0703125
10224685.0	0.0859375
10237013.0	0.0859375
10248584.5	0.0859375
10262675.0	0.0859375
10272547.0	0.109375
10281059.5	0.0859375
10294313.5	0.0703125
10309035.0	0.0703125
10317976.5	0.0703125
10330066.0	0.0703125
10342851.0	0.0703125
10353937.0	0.0703125
10369839.5	0.0703125
10387510.5	0.0703125
10398177.5	0.0703125
10410185.0	0.0703125
10421192.0	0.0703125
10435662.5	0.0703125
10444815.0	0.0703125
10456451.5	0.0859375
10467484.0	0.0859375
10482331.5	0.0859375
10494120.0	0.0703125
10505445.0	0.0703125
10514200.0	0.0703125
10532202.5	0.0703125
10540707.0	0.0703125
10550898.5	0.0703125
10561154.5	0.0703125
10569765.5	0.0703125
10582971.0	0.0703125
10601759.0	0.0703125
10615067.0	0.0703125
10625564.5	0.0703125
10634482.0	0.0703125
10645476.5	0.0703125
10656545.5	0.0703125
10664265.0	0.0703125
10672751.5	0.0703125
10683040.5	0.0703125
10692582.0	0.0703125
10703935.0	0.0703125
10716444.5	0.0703125
10728299.0	0.0703125
10738483.5	0.0859375
10749841.5	0.0703125
10759180.0	0.0703125
10770747.0	0.0703125
10782465.5	0.0703125
10792510.0	0.0703125
10808435.0	0.0703125
10818272.5	0.0703125
10829278.5	0.0703125
10840204.5	0.0703125
10850140.5	0.0703125
10857278.5	0.0703125
10865825.0	0.0703125
10873907.5	0.0703125
10881990.5	0.0703125
10891395.0	0.0703125
10898143.5	0.0703125
10905683.0	0.0703125
10916259.0	0.0703125
10934002.0	0.0703125
10944551.0	0.0703125
10965453.5	0.0703125
10981486.0	0.0703125
10990429.5	0.0703125
11001481.5	0.0703125
11014604.5	0.0703125
11023761.0	0.0703125
11033373.0	0.0703125
11046017.5	0.0703125
11059456.0	0.0703125
11070609.5	0.0703125
11080842.0	0.0703125
11092863.0	0.0703125
11105166.0	0.0703125
11116007.0	0.0703125
11131627.5	0.0703125
11140051.5	0.0703125
11150609.5	0.0703125
11162977.5	0.0703125
11176985.0	0.0703125
11187447.5	0.0703125
11199860.5	0.0703125
11213049.5	0.0703125
11227499.5	0.0703125
11236713.0	0.0703125
11246848.0	0.0703125
11262165.5	0.0703125
11277785.5	0.0703125
11291998.5	0.0703125
11303260.5	0.0703125
11316775.5	0.0703125
11328152.5	0.0703125
11338635.5	0.0703125
11357612.5	0.0703125
11371241.5	0.0703125
11382525.0	0.0703125
11393487.5	0.0703125
11410514.5	0.0703125
11433768.5	0.0703125
11453259.0	0.0703125
11462983.5	0.0703125
11476755.5	0.0703125
11496975.5	0.0703125
11508846.0	0.0703125
11525254.5	0.0703125
11539273.0	0.0703125
11556744.0	0.0703125
11582433.0	0.0703125
11595679.0	0.0703125
11608885.0	0.0703125
11620166.0	0.0703125
11633449.5	0.0703125
11644643.5	0.0703125
11655854.0	0.0703125
11667854.0	0.0703125
11678205.0	0.0703125
11690813.0	0.0703125
11701465.0	0.0703125
11713218.0	0.0703125
11723091.5	0.0703125
11734809.0	0.0703125
11745650.0	0.0703125
11758555.5	0.0703125
11770729.0	0.0703125
11780633.0	0.0703125
11789006.0	0.0703125
11798744.0	0.0703125
11809341.0	0.0703125
11820107.0	0.0703125
11831003.5	0.0703125
11845475.5	0.0703125
11859234.0	0.0703125
11869800.5	0.0703125
11881117.0	0.0703125
11891774.0	0.0703125
11901700.0	0.0703125
11913177.5	0.0703125
11925037.0	0.0703125
11936849.5	0.0703125
11947962.0	0.0703125
11961169.5	0.0703125
11971932.5	0.0703125
11982272.0	0.0703125
11993987.0	0.0703125
12005793.0	0.0703125
12019083.5	0.0703125
12031305.5	0.0859375
12045516.5	0.0859375
12056787.0	0.0703125
12068719.5	0.0703125
12077602.0	0.0703125
12091891.0	0.0703125
12116165.0	0.0703125
12128931.0	0.0703125
12142027.0	0.0703125
12153930.5	0.0703125
12167292.0	0.0703125
12183467.0	0.0703125
12199777.5	0.0859375
12211382.0	0.0859375
12225026.5	0.0859375
12237512.5	0.0859375
12253253.5	0.0703125
12265006.5	0.0703125
12280542.0	0.0703125
12294772.5	0.0859375
12313499.0	0.0703125
12328022.5	0.0703125
12341431.5	0.0703125
12355971.5	0.0703125
12369638.0	0.0703125
12384826.0	0.0703125
12406415.5	0.0703125
12416967.5	0.0703125
12428341.5	0.0703125
12441494.5	0.0703125
12455230.5	0.0703125
12466474.0	0.0703125
12476623.5	0.0703125
12490199.0	0.0703125
12504991.5	0.0703125
12517012.0	0.0703125
12527307.0	0.0703125
12543218.5	0.0703125
12555349.5	0.0703125
12564530.0	0.0703125
12576052.0	0.0703125
12584271.0	0.0703125
12593672.5	0.0703125
12604153.5	0.0703125
12613173.5	0.0703125
12621104.5	0.0703125
12632037.0	0.0703125
12641334.0	0.0703125
12652263.5	0.0703125
12660939.0	0.0703125
12669860.0	0.0703125
12678825.0	0.0703125
12687606.0	0.0703125
12702628.5	0.0703125
12717534.5	0.0703125
12728312.5	0.0703125
12736200.5	0.0703125
12745924.5	0.0703125
12754877.5	0.0859375
12764083.0	0.0703125
12772527.0	0.0703125
12783326.5	0.0703125
12793518.0	0.0703125
12803375.5	0.0703125
12813769.0	0.0703125
12822070.5	0.0703125
12833902.5	0.0703125
12843001.0	0.0703125
12851225.5	0.0703125
12875526.0	0.0703125
12885022.0	0.0703125
12894399.0	0.0703125
12905980.5	0.0703125
12916287.0	0.0703125
12924284.0	0.0703125
12938325.0	0.0703125
12952806.0	0.0703125
12967165.0	0.0703125
12981110.5	0.0703125
12996954.0	0.0703125
13006189.5	0.0703125
13038079.5	0.0703125
13054050.5	0.0703125
13068541.0	0.0703125
13080035.5	0.0703125
13092847.5	0.0703125
13100476.0	0.0703125
13109118.0	0.0703125
13119269.0	0.0703125
13129261.5	0.0703125
13144262.5	0.0703125
13154137.5	0.0703125
13164390.5	0.0703125
13180133.5	0.0703125
13189634.0	0.0703125
13208444.5	0.0703125
13235092.0	0.0703125
13250406.5	0.0703125
13258555.5	0.0703125
13269005.0	0.0703125
13280972.5	0.0703125
13294746.5	0.0703125
13308087.5	0.0703125
13322590.0	0.0703125
13338780.0	0.0703125
13361853.0	0.0703125
13385706.5	0.0703125
13443944.5	0.0703125
13463973.5	0.0703125
13497959.0	0.0703125
13511018.5	0.0703125
13527763.5	0.0703125
13544342.0	0.0703125
13556100.0	0.0703125
13572061.0	0.0703125
13588351.5	0.0703125
13601756.0	0.0703125
13614806.5	0.0703125
13625528.5	0.0703125
13638090.5	0.0703125
13649710.0	0.0703125
13658643.0	0.0703125
13669832.5	0.0703125
13685431.5	0.0703125
13701825.5	0.0703125
13713119.0	0.0703125
13727146.5	0.0703125
13747951.0	0.0703125
13765836.5	0.0703125
13777450.0	0.0703125
13793422.5	0.0703125
13804426.5	0.0703125
13819288.5	0.0703125
13830184.0	0.0703125
13839842.0	0.0703125
13849165.5	0.0703125
13863138.5	0.0703125
13876744.5	0.0703125
13904966.0	0.0703125
13917538.5	0.0703125
13950094.5	0.0703125
13957912.0	0.0703125
13966731.0	0.0703125
13977285.5	0.0703125
13987508.0	0.0703125
13998478.0	0.0703125
14008944.5	0.0703125
14015797.5	0.0703125
14024705.5	0.0703125
14041326.0	0.0703125
14053078.5	0.0703125
14070971.5	0.0703125
14080441.5	0.0703125
14088108.5	0.0703125
14096199.0	0.0703125
14104288.0	0.0703125
14115475.0	0.0703125
14125810.5	0.0703125
14134191.0	0.0703125
14143530.5	0.0703125
14151363.5	0.0703125
14158746.0	0.0703125
14169074.0	0.0703125
14183306.5	0.0703125
14194695.0	0.0703125
14202811.5	0.0703125
14213672.5	0.0703125
14223570.5	0.0703125
14232747.5	0.0703125
14259080.5	0.0703125
14269511.0	0.0703125
14278951.5	0.0703125
14288450.5	0.0703125
14297986.0	0.0703125
14309023.5	0.0703125
14318186.5	0.0703125
14326530.5	0.0703125
14333894.0	0.0703125
14343834.0	0.0703125
14353833.5	0.0703125
14366791.0	0.0703125
14374151.5	0.0703125
14383950.5	0.0703125
14392819.5	0.0703125
14401718.0	0.0703125
14408583.0	0.0703125
14417116.5	0.0703125
14424742.5	0.0703125
14432813.5	0.0703125
14440045.5	0.0703125
14453628.0	0.0703125
14461581.5	0.0703125
14470671.5	0.0703125
14483174.5	0.0703125
14494255.5	0.0703125
14505845.5	0.0703125
14516203.5	0.0703125
14525067.5	0.0703125
14537029.5	0.0703125
14548062.5	0.0703125
14558961.5	0.0703125
14568207.0	0.0703125
14579135.5	0.0703125
14590708.0	0.0703125
14607776.0	0.0703125
14615884.0	0.0703125
14622960.5	0.0703125
14632504.0	0.0703125
14643301.5	0.0703125
14651691.0	0.0703125
14662553.0	0.0703125
14673770.5	0.0703125
14685510.5	0.0703125
14693941.5	0.0703125
14702877.0	0.0703125
14713759.0	0.0703125
14724382.0	0.0703125
14737653.5	0.0703125
14746564.0	0.0703125
14756913.5	0.0703125
14770795.0	0.0703125
14778358.0	0.0703125
14787350.0	0.0703125
14796001.5	0.0703125
14808900.5	0.0703125
14826825.0	0.0703125
14837707.5	0.0703125
14846447.5	0.0703125
14853635.0	0.0703125
14864668.0	0.0859375
14877223.5	0.0703125
14888106.0	0.0703125
14897320.0	0.0703125
14908835.5	0.0703125
14920825.0	0.0703125
14928919.0	0.0703125
14955743.5	0.0703125
14968367.0	0.0703125
14982562.5	0.0703125
14995775.0	0.0703125
15003992.5	0.0703125
15011187.0	0.0703125
15018012.5	0.0703125
15025715.0	0.0703125
15034618.0	0.0703125
15046174.5	0.0703125
15054231.5	0.0703125
15063101.5	0.0703125
15071529.0	0.0703125
15083359.5	0.0703125
15094673.0	0.0703125
15104812.0	0.0703125
15114962.5	0.0703125
15127819.5	0.0703125
15138048.5	0.0703125
15160081.0	0.0703125
15170271.0	0.0703125
15183051.0	0.0703125
15192383.0	0.0703125
15204786.0	0.0703125
15213159.0	0.0703125
15221740.5	0.0703125
15228764.0	0.0703125
15236887.0	0.0703125
15245127.5	0.0703125
15253958.5	0.0703125
15262731.5	0.0703125
15271153.5	0.0703125
15279657.0	0.0703125
15287756.0	0.0703125
15296182.5	0.0703125
15304942.0	0.0703125
15314109.0	0.0703125
15321878.0	0.0703125
15328627.5	0.0703125
15337437.0	0.0703125
15350194.0	0.0703125
15362175.5	0.0703125
15371110.5	0.0703125
15380280.0	0.0703125
15391009.5	0.0703125
15399515.0	0.0703125
15408137.0	0.0703125
15415540.0	0.0703125
15424797.5	0.0703125
15434863.5	0.0703125
15452399.5	0.0703125
15463969.5	0.0703125
15473152.5	0.0703125
15483134.5	0.0703125
15492489.5	0.0703125
15500820.5	0.0703125
15509533.0	0.0703125
15518692.5	0.0703125
15527036.5	0.0703125
15536668.5	0.0703125
15546941.0	0.0703125
15556571.5	0.0703125
15569036.0	0.0703125
15580449.5	0.0703125
15592849.0	0.0703125
15603985.0	0.0703125
15616737.0	0.0703125
15625815.5	0.0703125
15637823.0	0.0703125
15649245.0	0.0703125
15657062.5	0.0703125
15667704.0	0.0703125
15675023.0	0.0703125
15684135.0	0.0703125
15695280.5	0.0703125
15706446.5	0.0703125
15714701.5	0.0859375
15725916.0	0.0703125
15734841.5	0.0703125
15742890.5	0.0703125
15753164.0	0.0703125
15762425.5	0.0703125
15774518.0	0.0703125
15784431.5	0.0703125
15793052.5	0.0703125
15802477.0	0.0703125
15819371.5	0.0703125
15828401.5	0.0703125
15837034.5	0.0703125
15846561.5	0.0703125
15854582.0	0.0703125
15867842.0	0.0703125
15886041.0	0.0703125
15896709.5	0.0859375
15904743.5	0.0703125
15912884.5	0.0703125
15923517.5	0.0703125
15932695.0	0.0703125
15940904.0	0.0703125
15951926.0	0.0703125
15963843.5	0.0703125
15979082.5	0.0703125
15992432.5	0.0703125
15999312.5	0.0703125
16007596.0	0.0703125
16015864.5	0.0703125
16025871.0	0.0703125
16036069.5	0.0703125
16047361.0	0.0703125
16063009.0	0.0703125
16081660.0	0.0859375
16138452.0	0.0703125
16148518.0	0.0703125
16157730.5	0.0703125
16165608.5	0.0703125
16174903.5	0.0703125
16188858.0	0.0703125
16198839.5	0.0703125
16209577.0	0.0703125
16220377.5	0.0859375
16237197.0	0.0703125
16246568.5	0.0703125
16257326.5	0.0703125
16265591.0	0.0703125
16283570.0	0.0859375
16295665.5	0.0703125
16305152.5	0.0703125
16313168.0	0.0703125
16322945.0	0.0703125
16331977.0	0.0703125
16345539.0	0.0703125
16357706.0	0.0703125
16369321.0	0.109375
16378624.5	0.0703125
16390161.5	0.0703125
16401186.5	0.0703125
16410797.5	0.0703125
16420522.5	0.0703125
16428787.0	0.0703125
16436340.5	0.0703125
16444810.5	0.0703125
16452396.5	0.0703125
16462285.0	0.0703125
16471732.0	0.0703125
16480244.5	0.0703125
16495505.0	0.0703125
16508332.5	0.0703125
16521015.0	0.0703125
16534767.5	0.0703125
16546846.5	0.0703125
16557336.0	0.0703125
16570301.5	0.0703125
16580689.5	0.0703125
16589202.5	0.0703125
16596867.0	0.0703125
16607223.0	0.0703125
16616854.5	0.0703125
16635050.5	0.0703125
16645467.0	0.0703125
16656174.0	0.0703125
16666065.5	0.0703125
16683977.5	0.0703125
16694632.0	0.0703125
16712018.0	0.0703125
16720364.0	0.0703125
16729880.5	0.0703125
16739340.0	0.0703125
16747944.5	0.0703125
16758638.0	0.0703125
16770011.0	0.0703125
16779857.0	0.0703125
16790177.5	0.0703125
16800174.5	0.0703125
16811180.5	0.0703125
16821117.0	0.0703125
16832301.5	0.0703125
16842376.0	0.0703125
16855656.5	0.0703125
16872003.5	0.0703125
16886777.0	0.0703125
16897927.0	0.0703125
16906101.0	0.0703125
16915701.0	0.0703125
16926132.5	0.0703125
16935839.5	0.0703125
16946942.5	0.0703125
16957983.5	0.0703125
16966635.5	0.0703125
16976175.5	0.0703125
16986968.0	0.0703125
16993240.0	0.0703125
17002699.0	0.0703125
17014455.0	0.0703125
17023189.5	0.0703125
17052507.5	0.0703125
17061916.0	0.0703125
17070835.0	0.0703125
17079090.0	0.0703125
17103836.0	0.0703125
17112624.5	0.0703125
17122984.5	0.0703125
17134519.0	0.0703125
17143430.5	0.0703125
17153383.5	0.0703125
17162272.5	0.0703125
17169240.0	0.0703125
17178725.5	0.0703125
17188792.5	0.0703125
17198300.0	0.0703125
17207193.0	0.0703125
17217130.5	0.0703125
17226705.5	0.0703125
17240047.0	0.0703125
17250359.0	0.0703125
17259081.0	0.0703125
17268544.5	0.0703125
17276074.5	0.0703125
17286898.5	0.0703125
17297032.0	0.0703125
17306889.5	0.0703125
17317915.0	0.0703125
17328967.0	0.0703125
17338877.5	0.0703125
17353217.5	0.0703125
17367642.5	0.0703125
17378769.5	0.0703125
17391253.5	0.0703125
17401851.0	0.0703125
17415663.0	0.0703125
17425782.0	0.0703125
17433107.5	0.0703125
17444270.5	0.0703125
17456077.0	0.0703125
17465697.5	0.0703125
17472728.5	0.0703125
17480347.0	0.0703125
17488245.5	0.0703125
17495875.0	0.0703125
17503719.0	0.0703125
17511836.0	0.0703125
17530849.5	0.0703125
17543741.5	0.0703125
17552876.0	0.0703125
17561873.0	0.0703125
17572829.5	0.0703125
17581436.0	0.0703125
17593560.5	0.0703125
17607667.0	0.0703125
17618110.5	0.0703125
17626622.0	0.0703125
17637352.5	0.0703125
17645960.5	0.0703125
17655568.5	0.0703125
17663604.0	0.0703125
17671656.5	0.0703125
17680032.0	0.0703125
17690474.0	0.0703125
17697861.0	0.0703125
17708468.0	0.0703125
17718361.0	0.0703125
17726528.0	0.0703125
17735649.5	0.0703125
17746557.0	0.0703125
17759540.5	0.0703125
17777320.0	0.0703125
17786267.0	0.0703125
17792812.5	0.0703125
17804131.0	0.0703125
17816498.5	0.0703125
17828811.0	0.0703125
17839411.5	0.0703125
17847300.5	0.0703125
17858799.5	0.0703125
17876524.5	0.0703125
17887327.5	0.0703125
17904392.5	0.0703125
17914836.0	0.0703125
17926194.0	0.0703125
17937036.5	0.0703125
17944725.5	0.0703125
17953301.0	0.0703125
17964599.0	0.0703125
17978431.5	0.0703125
17989054.5	0.0859375
18000215.0	0.0859375
18014851.5	0.0859375
18029940.5	0.0703125
18036521.5	0.0703125
18049675.5	0.0859375
18060026.5	0.0703125
18082333.5	0.0703125
18100260.0	0.0703125
18114349.5	0.0703125
18127974.0	0.0703125
18142847.5	0.0703125
18155320.5	0.0703125
18165801.0	0.0703125
18173724.5	0.0703125
18181444.5	0.0703125
18188791.0	0.0703125
18197004.5	0.0703125
18206091.5	0.0703125
18216785.0	0.0703125
18229577.0	0.0703125
18239649.5	0.0703125
18249897.5	0.0703125
18263263.5	0.0703125
18274983.5	0.0703125
18286357.0	0.0703125
18297764.0	0.0703125
18308088.0	0.0703125
18321105.5	0.0703125
18341931.0	0.0703125
18361329.0	0.0703125
18370748.5	0.0703125
18379088.0	0.0703125
18387046.5	0.0703125
18399543.0	0.0703125
18409020.0	0.0703125
18420220.5	0.0703125
18433385.5	0.0703125
18443583.0	0.0703125
18455446.5	0.0703125
18466446.0	0.0703125
18477029.5	0.0703125
18493593.0	0.0703125
18513697.5	0.0703125
18546058.5	0.0703125
18561953.5	0.0703125
18575611.0	0.0703125
18584433.5	0.0703125
18596282.0	0.0703125
18606700.0	0.0703125
18618270.5	0.0703125
18630474.5	0.0703125
18650344.0	0.0703125
18669815.0	0.0703125
18678865.5	0.0703125
18688657.5	0.0703125
18699274.0	0.0703125
18708318.0	0.0703125
18715792.5	0.0703125
18727713.5	0.0703125
18739484.0	0.0703125
18755287.0	0.0703125
18772178.5	0.0703125
18781722.0	0.0703125
18791646.5	0.0703125
18804323.0	0.0703125
18811966.5	0.0703125
18821607.0	0.0703125
18830094.5	0.0703125
18842438.5	0.0703125
18849838.5	0.0703125
18857923.5	0.0703125
18865778.5	0.0703125
18880690.5	0.0703125
18890567.5	0.0703125
18897750.0	0.0703125
18904570.0	0.0703125
18914832.5	0.0703125
18922801.0	0.0703125
18955668.5	0.0703125
18965463.5	0.0703125
18974982.0	0.0703125
18987908.5	0.0703125
18998256.5	0.0703125
19015010.0	0.0703125
19029387.0	0.0703125
19043218.5	0.0703125
19058847.5	0.0703125
19070761.5	0.0703125
19086006.5	0.0703125
19099711.5	0.0703125
19120549.0	0.0703125
19140868.5	0.0703125
19155399.5	0.0703125
19167601.5	0.0703125
19206800.5	0.0703125
19217639.0	0.0703125
19227557.5	0.0703125
19235261.5	0.0703125
19246512.5	0.0703125
19258748.5	0.0703125
19270367.5	0.0703125
19284476.5	0.0859375
19299512.5	0.0703125
19316772.5	0.0703125
19326902.0	0.0703125
19340065.5	0.0703125
19351325.0	0.0703125
19376358.0	0.0703125
19389959.0	0.0703125
19407244.0	0.0703125
19421094.0	0.0703125
19432920.0	0.0703125
19443946.0	0.0859375
19454076.5	0.0859375
19464511.5	0.0859375
19475271.5	0.0859375
19484627.0	0.0703125
19497663.0	0.0703125
19507514.5	0.0703125
19517784.0	0.0703125
19525963.0	0.0703125
19535589.5	0.0703125
19545653.0	0.0703125
19553633.5	0.0703125
19560751.5	0.0703125
19577937.0	0.0859375
19590104.0	0.0859375
19603848.5	0.0859375
19617259.0	0.0859375
19626568.5	0.0859375
19635500.5	0.0703125
19644599.0	0.0703125
19656011.5	0.0703125
19665375.5	0.0703125
19676615.5	0.0703125
19688421.0	0.0703125
19698811.0	0.0703125
19710449.5	0.0703125
19724187.0	0.0703125
19735001.0	0.0703125
19745699.5	0.0703125
19756705.0	0.0703125
19765898.5	0.0703125
19780064.0	0.0703125
19789979.5	0.0703125
19799550.5	0.0703125
19807930.5	0.0703125
19815976.5	0.0703125
19826139.5	0.0703125
19835161.5	0.0703125
19844977.5	0.0703125
19852885.0	0.0703125
19861685.0	0.0703125
19872112.5	0.0703125
19880136.0	0.0703125
19889077.0	0.0703125
19898750.5	0.0703125
19907350.0	0.0703125
19914828.5	0.0703125
19926345.5	0.0703125
19935683.5	0.0703125
19944457.0	0.0703125
19953401.5	0.0703125
19962551.5	0.0703125
19975967.0	0.0703125
19986208.5	0.0703125
19996946.0	0.0703125
20007357.0	0.0703125
20017250.0	0.0703125
20025726.5	0.0703125
20040256.0	0.0703125
20049036.5	0.0703125
20059130.5	0.0703125
20069389.0	0.0703125
20077764.5	0.0703125
20085339.5	0.0703125
20092450.5	0.0703125
20102231.0	0.0703125
20111959.5	0.0703125
20121000.5	0.0703125
20133397.0	0.0703125
20141677.5	0.0703125
20149244.0	0.0703125
20158227.5	0.0703125
20171641.0	0.0703125
20188317.5	0.0703125
20198557.0	0.0703125
20207887.5	0.0703125
20214884.5	0.0703125
20223208.5	0.0703125
20232112.5	0.0703125
20238977.5	0.0703125
20248548.5	0.0703125
20257441.5	0.0703125
20266764.5	0.0703125
20275999.0	0.0703125
20283044.5	0.0703125
20291523.5	0.0703125
20300490.5	0.0703125
20309474.5	0.0703125
20329011.0	0.0703125
20338435.5	0.0703125
20350417.5	0.0703125
20361368.5	0.0703125
20374658.0	0.0703125
20389519.0	0.0703125
20405506.5	0.0703125
20418206.5	0.0703125
20429609.5	0.0703125
20438692.5	0.0703125
20447159.5	0.0859375
20454495.0	0.0859375
20462909.0	0.0703125
20473918.5	0.0703125
20481279.5	0.0703125
20489053.0	0.0703125
20500408.5	0.0703125
20508755.0	0.0703125
20522267.0	0.0703125
20540589.5	0.0703125
20548019.5	0.0703125
20561246.5	0.0703125
20567548.5	0.0703125
20574980.0	0.0703125
20583931.0	0.0703125
20600587.5	0.0703125
20618196.5	0.0703125
20630890.0	0.0703125
20641746.5	0.0703125
20650331.5	0.0703125
20661339.5	0.0703125
20675217.5	0.0703125
20685699.5	0.0703125
20698926.5	0.0703125
20710942.5	0.0703125
20721687.5	0.0703125
20731334.5	0.0703125
20742196.5	0.0703125
20749729.0	0.0703125
20761535.0	0.0703125
20771601.5	0.0703125
20811903.0	0.0703125
20821844.5	0.0703125
20829446.0	0.0703125
20837866.0	0.0703125
20853541.5	0.0703125
20860888.0	0.0703125
20867171.0	0.0703125
20873654.5	0.0703125
20883163.5	0.0703125
20890431.5	0.0703125
20896515.5	0.0703125
20904351.0	0.0703125
20915475.0	0.0703125
20922583.5	0.0703125
20932100.0	0.0703125
20941299.0	0.0703125
20952603.5	0.0703125
20962466.0	0.0703125
20971113.0	0.0703125
20978194.0	0.0703125
20985572.5	0.0703125
20995016.5	0.0703125
21003151.5	0.0703125
21013425.5	0.0703125
21023914.0	0.0703125
21035768.0	0.0703125
21045099.5	0.0703125
21052978.0	0.0703125
21061557.5	0.0703125
21068491.5	0.0703125
21075537.5	0.0703125
21083073.0	0.0703125
21089647.5	0.0703125
21096027.5	0.0703125
21104381.5	0.0703125
21111242.5	0.0703125
21118117.5	0.0703125
21125184.0	0.0859375
21132117.5	0.0859375
21140548.0	0.0703125
21149450.0	0.0703125
21157800.5	0.0703125
21166086.0	0.0703125
21174651.0	0.0703125
21198216.5	0.0703125
21205890.0	0.0703125
21214860.5	0.0703125
21221524.0	0.0703125
21229992.0	0.0703125
21238120.5	0.0703125
21250047.0	0.0703125
21257369.5	0.0703125
21265254.0	0.0703125
21273318.5	0.0703125
21288209.5	0.0703125
21295259.5	0.0703125
21302678.5	0.0859375
21311121.0	0.0859375
21319377.5	0.0859375
21327872.0	0.0703125
21335528.5	0.0703125
21344983.5	0.0703125
21352393.0	0.0703125
21359501.5	0.0703125
21369126.5	0.0703125
21379115.5	0.0703125
21387341.0	0.0703125
21399812.5	0.0703125
21408487.0	0.0703125
21417579.5	0.0703125
21428635.5	0.0703125
21436377.0	0.0703125
21444654.5	0.0703125
21451874.0	0.0859375
21459521.5	0.0859375
21468124.0	0.0703125
21480386.5	0.0859375
21488252.0	0.0703125
21496216.5	0.0703125
21506395.5	0.0703125
21515617.5	0.0703125
21523695.5	0.0703125
21530935.5	0.0703125
21538133.5	0.0703125
21547520.5	0.0703125
21554729.0	0.0703125
21562852.5	0.0703125
21571833.0	0.0703125
21582699.5	0.0703125
21591924.0	0.0703125
21599487.5	0.0703125
21608543.5	0.0703125
21618873.5	0.0703125
21626665.5	0.0703125
21634496.5	0.0703125
21643853.0	0.0703125
21652893.0	0.0703125
21660902.0	0.0703125
21671090.5	0.0703125
21681069.0	0.0703125
21692233.5	0.0703125
21700779.0	0.0859375
21708123.5	0.0859375
21716680.0	0.0859375
21723341.5	0.0703125
21731675.0	0.0703125
21739537.0	0.0703125
21747834.5	0.0703125
21757466.0	0.0703125
21765389.5	0.0703125
21774256.5	0.0703125
21783213.5	0.0703125
21796333.5	0.0703125
21815621.5	0.0703125
21825861.0	0.0703125
21835855.5	0.0703125
21845462.5	0.0703125
21856105.5	0.0703125
21863584.5	0.0703125
21871516.0	0.0703125
21878972.0	0.0703125
21887378.5	0.0703125
21894626.0	0.0703125
21901544.0	0.0703125
21909368.0	0.0703125
21916662.0	0.0703125
21924479.5	0.0703125
21932065.0	0.0703125
21939524.0	0.0703125
21946306.5	0.0703125
21953693.5	0.0703125
21962578.5	0.0703125
21970978.0	0.0703125
21979703.0	0.0859375
21998387.5	0.0859375
22006743.5	0.0703125
22014329.0	0.0703125
22024169.5	0.0703125
22035907.0	0.0703125
22050312.0	0.0703125
22059501.0	0.0703125
22069227.0	0.0703125
22076996.0	0.0703125
22083994.5	0.0703125
22096425.0	0.0703125
22108400.0	0.0703125
22117097.0	0.0859375
22128260.0	0.0859375
22137735.5	0.0859375
22145845.5	0.0859375
22154528.0	0.0859375
22163136.0	0.0859375
22171659.5	0.0859375
22179936.0	0.0859375
22187673.0	0.0859375
22198172.0	0.0859375
22205315.5	0.0859375
22212690.0	0.0703125
22220126.5	0.0703125
22229044.5	0.0703125
22238106.5	0.0703125
22248531.5	0.0703125
22257129.5	0.0703125
22265483.0	0.0703125
22275167.5	0.0703125
22288377.0	0.0703125
22297866.5	0.0703125
22311474.0	0.0703125
22319574.0	0.0703125
22328199.0	0.0703125
22336394.5	0.0703125
22343175.0	0.0703125
22350496.0	0.0703125
22358142.5	0.0703125
22365601.5	0.0859375
22372839.5	0.0859375
22380485.0	0.0703125
22388155.5	0.0703125
22394931.5	0.0703125
22403421.0	0.0703125
22410543.0	0.0703125
22418728.0	0.0703125
22428740.0	0.0703125
22436439.0	0.0703125
22445244.0	0.0703125
22453077.5	0.0703125
22460768.0	0.0703125
22471358.5	0.0703125
22480262.0	0.0703125
22487973.5	0.0703125
22497183.5	0.0703125
22505490.5	0.0703125
22530191.0	0.0703125
22538363.0	0.0703125
22548348.5	0.0703125
22557066.5	0.0703125
22564043.5	0.0703125
22572917.5	0.0703125
22581816.0	0.0703125
22594322.0	0.0703125
22610202.5	0.0703125
22621686.5	0.0703125
22639268.5	0.0703125
22657707.0	0.0703125
22666537.0	0.0703125
22675693.5	0.0703125
22689539.5	0.0703125
22698772.5	0.0703125
22708936.5	0.0703125
22719814.5	0.0703125
22728716.0	0.0703125
22741488.5	0.0703125
22751630.5	0.0703125
22759613.0	0.0703125
22768532.0	0.0703125
22775688.0	0.0703125
22785106.0	0.0703125
22794174.0	0.0703125
22804982.5	0.0703125
22816188.0	0.0703125
22823797.0	0.0703125
22831837.5	0.0703125
22842510.0	0.0703125
22850955.0	0.0703125
22859523.0	0.0703125
22866470.5	0.0703125
22872974.0	0.0703125
22880714.5	0.0703125
22889631.5	0.0703125
22896290.5	0.0703125
22903301.0	0.0703125
22910531.5	0.0859375
22918177.5	0.0859375
22927902.0	0.0859375
22937978.5	0.0703125
22947332.5	0.0703125
22954460.5	0.0703125
22962646.0	0.0703125
22969577.0	0.0703125
22976953.5	0.0703125
22982934.5	0.0703125
22990318.5	0.0703125
22997376.5	0.0703125
23004496.0	0.0703125
23010710.5	0.0703125
23017895.5	0.0703125
23025340.5	0.0703125
23033608.0	0.0703125
23042737.5	0.0703125
23050873.5	0.0703125
23062488.5	0.0703125
23070585.5	0.0703125
23081207.0	0.0703125
23091025.5	0.0703125
23099441.5	0.0703125
23110835.0	0.0703125
23118827.0	0.0703125
23130380.0	0.0703125
23140310.0	0.0703125
23152584.0	0.0703125
23161643.0	0.0703125
23173311.0	0.0703125
23181493.0	0.0703125
23193905.0	0.0703125
23205775.0	0.0703125
23215120.0	0.0703125
23223761.5	0.0703125
23232293.0	0.0703125
23239430.0	0.0703125
23247094.0	0.0703125
23254850.5	0.0703125
23261732.0	0.0703125
23269927.0	0.0703125
23277932.0	0.0703125
23284375.0	0.0703125
23292142.0	0.0703125
23299626.0	0.0703125
23308373.5	0.0703125
23316106.5	0.0703125
23324642.0	0.0703125
23334964.0	0.0703125
23350541.0	0.0703125
23362786.5	0.0703125
23370000.5	0.0703125
23377280.5	0.0703125
23385433.0	0.0703125
23393393.0	0.0703125
23400132.0	0.0703125
23406850.5	0.0859375
23413490.5	0.0859375
23421150.5	0.0703125
23430741.0	0.0703125
23441011.0	0.0703125
23449057.0	0.0703125
23457268.5	0.0703125
23466587.5	0.0703125
23474485.0	0.0703125
23484852.0	0.0703125
23499398.0	0.0703125
23519400.0	0.0703125
23526524.5	0.0703125
23535647.5	0.0703125
23543636.5	0.0703125
23551265.5	0.0703125
23561171.0	0.0703125
23569404.0	0.0703125
23576942.0	0.0703125
23586347.0	0.0703125
23598444.5	0.0703125
23607878.5	0.0703125
23618665.5	0.0703125
23627892.0	0.0703125
23638882.0	0.0703125
23648575.0	0.0703125
23658124.0	0.0703125
23667332.0	0.0859375
23679454.5	0.0703125
23688513.5	0.0703125
23699735.0	0.0703125
23711122.0	0.0703125
23718578.0	0.0703125
23727957.0	0.0703125
23736107.0	0.0703125
23746546.5	0.0703125
23754456.0	0.0703125
23761828.0	0.0703125
23769784.0	0.0703125
23779156.0	0.0703125
23788573.5	0.0703125
23797439.5	0.0703125
23808596.0	0.0703125
23817144.0	0.0703125
23826091.5	0.0703125
23836314.0	0.0703125
23848459.5	0.0703125
23858029.5	0.0703125
23867093.5	0.0703125
23878576.0	0.0703125
23890808.5	0.0703125
23898256.5	0.0703125
23904520.5	0.0703125
23910524.0	0.0703125
23916929.0	0.0703125
23924508.5	0.0703125
23933384.5	0.0703125
23939599.0	0.0703125
23948306.5	0.0703125
23955487.0	0.0703125
23977432.5	0.0703125
23985056.5	0.0859375
23993595.0	0.0859375
24000571.5	0.0859375
24007055.5	0.0859375
24016069.0	0.0859375
24024329.5	0.0859375
24032741.5	0.0859375
24043741.5	0.0859375
24053250.0	0.0859375
24064964.0	0.0859375
24074525.0	0.0859375
24083961.5	0.0703125
24095825.0	0.0703125
24105908.0	0.0703125
24115730.5	0.0703125
24126824.5	0.0703125
24135541.0	0.0703125
24143872.5	0.0703125
24152594.0	0.0703125
24162909.0	0.0703125
24171264.0	0.0703125
24180247.5	0.0703125
24191375.5	0.0703125
24199977.0	0.0703125
24210595.0	0.0703125
24220771.5	0.0703125
24234274.5	0.0703125
24249945.0	0.0703125
24258407.5	0.0703125
24268014.0	0.0703125
24276966.5	0.0703125
24286098.0	0.0859375
24296760.5	0.0703125
24306154.0	0.0703125
24315702.5	0.0703125
24324967.0	0.0703125
24331553.5	0.0703125
24343367.0	0.0703125
24353001.0	0.0859375
24360554.5	0.0859375
24369716.0	0.0859375
24376595.5	0.0859375
24384733.5	0.0859375
24392965.0	0.0859375
24401092.0	0.0703125
24411992.5	0.0703125
24426149.0	0.0703125
24438659.0	0.0703125
24451031.5	0.0703125
24461546.5	0.0703125
24470822.5	0.0703125
24480213.0	0.0703125
24490401.0	0.0703125
24499616.5	0.0703125
24507248.5	0.0703125
24514032.0	0.0859375
24522147.5	0.0859375
24530466.0	0.0703125
24539322.5	0.0703125
24549037.5	0.0703125
24558534.5	0.0703125
24568410.0	0.0703125
24578479.0	0.0703125
24586669.0	0.0703125
24592965.0	0.0703125
24600431.5	0.0703125
24607815.5	0.0703125
24615879.0	0.0703125
24625682.5	0.0703125
24633669.5	0.0703125
24642784.0	0.0703125
24649590.0	0.0859375
24657435.5	0.0703125
24670211.0	0.0703125
24677981.5	0.0703125
24685551.5	0.0703125
24699686.5	0.0703125
24714738.0	0.0703125
24725824.5	0.0703125
24735461.5	0.0703125
24744350.0	0.0703125
24752291.0	0.0703125
24759651.0	0.0859375
24770279.5	0.0859375
24780947.0	0.0859375
24789597.0	0.0703125
24798152.0	0.0703125
24807457.0	0.0703125
24814823.5	0.0703125
24822911.5	0.0703125
24831673.5	0.0703125
24841903.5	0.0703125
24851842.0	0.0703125
24861386.0	0.0859375
24870524.0	0.0703125
24882688.5	0.0703125
24895867.0	0.0703125
24908619.5	0.0703125
24920113.5	0.0703125
24930846.5	0.0703125
24944032.5	0.0703125
24954917.5	0.0703125
24966175.0	0.0703125
24975864.0	0.0703125
24996820.5	0.0703125
25007868.0	0.0703125
25018419.0	0.0703125
25026391.0	0.0703125
25035592.5	0.0703125
25043450.0	0.0703125
25053521.5	0.0703125
25061251.5	0.0703125
25069287.0	0.0703125
25076558.5	0.0703125
25084673.5	0.0703125
25096017.5	0.0703125
25106719.0	0.0703125
25116791.5	0.0703125
25125524.5	0.0703125
25132074.0	0.0703125
25139072.5	0.0703125
25145918.0	0.0703125
25156079.5	0.0703125
25165828.0	0.0703125
25178951.5	0.0703125
25189903.5	0.0859375
25197914.5	0.0859375
25216161.5	0.0703125
25238150.0	0.0703125
25247265.0	0.0703125
25255110.5	0.0703125
25262157.0	0.0703125
25269629.0	0.0703125
25278863.5	0.0703125
25286926.0	0.0703125
25293678.5	0.0703125
25312876.0	0.0703125
25326056.5	0.0703125
25338714.0	0.0703125
25348628.5	0.0703125
25365294.0	0.0703125
25377066.0	0.0703125
25386169.0	0.0703125
25396471.0	0.0703125
25406976.0	0.0703125
25416376.5	0.0703125
25425816.0	0.0703125
25437257.5	0.0703125
25449005.0	0.0859375
25458225.0	0.0859375
25468323.5	0.0859375
25477109.0	0.0859375
25484220.5	0.0703125
25495282.5	0.0703125
25503993.0	0.0859375
25512208.0	0.0703125
25521639.0	0.0703125
25533454.5	0.0703125
25541860.0	0.0703125
25552233.0	0.0703125
25566427.5	0.0703125
25579631.5	0.0859375
25591232.0	0.0859375
25600657.0	0.0703125
25612461.0	0.0703125
25626205.5	0.0703125
25636822.5	0.0703125
25645620.5	0.0703125
25656531.5	0.0703125
25665279.5	0.0703125
25675537.0	0.0703125
25685445.0	0.0703125
25693245.5	0.0703125
25702202.5	0.0703125
25710227.5	0.0703125
25719174.0	0.0859375
25726420.5	0.0859375
25735312.5	0.0859375
25747514.5	0.0859375
25756688.0	0.0859375
25764178.0	0.0703125
25771023.5	0.0703125
25778833.5	0.0703125
25786920.0	0.0703125
25793866.5	0.0703125
25801263.5	0.0703125
25812866.0	0.0703125
25822252.0	0.0703125
25830573.5	0.0703125
25838906.5	0.0703125
25848187.5	0.0703125
25857351.5	0.0703125
25867069.5	0.0703125
25873491.0	0.0703125
25882596.5	0.0703125
25893844.0	0.0703125
25902062.5	0.0703125
25911133.0	0.0703125
25920068.5	0.0703125
25932569.5	0.0703125
25941499.0	0.0703125
25949795.5	0.0703125
25956436.5	0.0703125
25963470.0	0.0703125
25969971.0	0.0703125
25978795.0	0.0703125
25987838.0	0.0703125
25995705.0	0.0703125
26003528.5	0.0703125
26013149.0	0.0703125
26022882.5	0.0703125
26030009.5	0.0703125
26038248.0	0.0703125
26045221.5	0.0703125
26057325.0	0.0703125
26065999.0	0.0703125
26073987.5	0.0703125
26083068.5	0.0703125
26092497.5	0.0703125
26103002.5	0.0703125
26137769.5	0.0703125
26146652.0	0.0703125
26156957.0	0.0703125
26166165.0	0.0703125
26172622.5	0.0703125
26181461.5	0.0703125
26188510.0	0.0703125
26195152.0	0.0703125
26203682.5	0.0703125
26211629.0	0.0703125
26219163.5	0.0703125
26226809.5	0.0703125
26234635.0	0.0703125
26242543.5	0.0703125
26252936.5	0.0703125
26260175.5	0.0703125
26274013.5	0.0703125
26282345.0	0.0859375
26290294.5	0.0859375
26300143.5	0.0859375
26310242.0	0.0859375
26318905.5	0.0859375
26328342.0	0.0859375
26336684.5	0.0859375
26346227.0	0.0859375
26354445.5	0.0859375
26364090.0	0.0859375
26373575.5	0.0859375
26382831.5	0.0703125
26392398.0	0.0703125
26400232.0	0.0703125
26407184.5	0.0703125
26414651.0	0.0859375
26423311.5	0.0703125
26431659.5	0.0703125
26440012.0	0.0703125
26448047.0	0.0703125
26456121.5	0.0703125
26463883.5	0.0703125
26470874.0	0.0703125
26479314.0	0.0703125
26489071.5	0.0703125
26500771.5	0.0703125
26511925.0	0.0703125
26525901.0	0.109375
26536343.0	0.0703125
26552351.0	0.0859375
26562726.5	0.0859375
26571227.5	0.0859375
26580781.0	0.0703125
26591785.0	0.0703125
26603964.5	0.0703125
26616044.0	0.0703125
26628985.5	0.0703125
26638359.0	0.0703125
26654140.5	0.0703125
26663250.5	0.0703125
26669898.0	0.0703125
26679241.0	0.0703125
26688348.0	0.0703125
26699327.5	0.0703125
26710291.0	0.0703125
26721686.5	0.0703125
26731435.0	0.0703125
26741164.0	0.0703125
26749875.0	0.0703125
26762434.0	0.0703125
26775054.0	0.0703125
26783300.5	0.0703125
26791956.0	0.0703125
26801073.0	0.0703125
26809125.5	0.0703125
26817029.0	0.0703125
26825839.0	0.0703125
26834529.5	0.0703125
26843934.5	0.0703125
26858211.5	0.0703125
26869448.5	0.0703125
26878328.0	0.0703125
26890885.0	0.0703125
26902035.0	0.0703125
26911565.5	0.0703125
26918269.5	0.0703125
26925520.0	0.0703125
26937430.5	0.0703125
26943939.0	0.0703125
26951455.5	0.0703125
26959473.5	0.0703125
26967905.5	0.0703125
26975357.5	0.0703125
26983598.5	0.0703125
26991281.0	0.0703125
26999460.0	0.0703125
27006859.0	0.0703125
27013585.0	0.0703125
27023055.0	0.0703125
27031154.5	0.0703125
27047597.5	0.0703125
27057493.0	0.0703125
27070346.0	0.0703125
27078553.5	0.0703125
27089895.0	0.0703125
27099606.5	0.0703125
27108966.5	0.0703125
27118962.5	0.0703125
27129285.5	0.0703125
27140333.5	0.0703125
27148694.0	0.0703125
27157785.0	0.0703125
27165278.0	0.0703125
27172403.0	0.0703125
27180911.5	0.0703125
27187390.0	0.0703125
27195344.5	0.0703125
27203777.0	0.0703125
27212107.5	0.0703125
27219770.0	0.0703125
27231825.5	0.0703125
27240230.5	0.0703125
27251446.5	0.0703125
27260876.0	0.0703125
27268537.0	0.0703125
27277208.0	0.0703125
27286311.5	0.0703125
27292728.0	0.0703125
27299790.5	0.0703125
27306719.0	0.0703125
27317364.5	0.0703125
27328008.5	0.0703125
27335638.0	0.0703125
27345337.0	0.0703125
27353601.5	0.0703125
27362705.5	0.0859375
27369640.5	0.0859375
27383504.0	0.0859375
27392530.0	0.0703125
27404570.5	0.0703125
27413919.5	0.0703125
27426267.0	0.0703125
27436851.5	0.0703125
27446387.0	0.0703125
27457452.5	0.0703125
27468752.0	0.0703125
27479718.0	0.0703125
27491634.5	0.0703125
27499632.5	0.0703125
27508695.5	0.0703125
27517439.0	0.0703125
27525742.0	0.0703125
27534456.5	0.0703125
27544831.0	0.0703125
27553184.0	0.0703125
27564764.5	0.0703125
27573716.5	0.0703125
27583942.5	0.0703125
27593286.0	0.0703125
27603685.0	0.0703125
27613064.0	0.0703125
27620715.5	0.0703125
27630172.5	0.0703125
27639953.5	0.0703125
27648410.0	0.0703125
27657070.0	0.0703125
27664357.0	0.0703125
27672320.0	0.0703125
27680084.5	0.0703125
27687937.0	0.0703125
27696000.5	0.0703125
27703250.5	0.0703125
27709850.5	0.0703125
27717004.5	0.0703125
27724726.0	0.0703125
27731961.5	0.0703125
27739023.5	0.0703125
27746413.0	0.0703125
27754051.5	0.0703125
27761589.0	0.0703125
27768383.0	0.0703125
27775746.5	0.0703125
27783183.5	0.0703125
27790061.0	0.0703125
27798772.0	0.0703125
27805529.0	0.0703125
27814360.0	0.0703125
27822039.0	0.0703125
27829937.5	0.0703125
27836644.5	0.0703125
27843624.0	0.0703125
27855254.5	0.0703125
27863110.5	0.0703125
27872542.5	0.0703125
27881367.5	0.0703125
27891647.5	0.0703125
27900234.0	0.0703125
27910088.0	0.0703125
27921729.0	0.0703125
27929188.5	0.0703125
27938881.5	0.0703125
27947021.5	0.0703125
27954270.5	0.0703125
27962447.5	0.0703125
27970055.5	0.0703125
27976710.0	0.0703125
27983175.5	0.0703125
27990492.0	0.0703125
27998641.0	0.0703125
28006627.0	0.0703125
28015063.5	0.0703125
28022428.0	0.0703125
28030178.0	0.0703125
28037326.0	0.0703125
28044358.0	0.0703125
28052649.5	0.0703125
28060456.0	0.0703125
28067008.0	0.0703125
28074721.5	0.0703125
28081742.5	0.0703125
28088587.5	0.0703125
28095289.5	0.0703125
28102759.5	0.0703125
28110131.5	0.0703125
28119110.5	0.0703125
28126748.0	0.0703125
28134491.0	0.0703125
28142164.5	0.0703125
28151527.5	0.0703125
28159268.5	0.0703125
28171858.0	0.0703125
28179868.5	0.0703125
28186993.5	0.0703125
28197690.0	0.0703125
28204626.0	0.0703125
28212523.0	0.0703125
28233156.5	0.0703125
28243233.5	0.0703125
28259194.0	0.0703125
28267158.5	0.0703125
28274129.5	0.0703125
28285529.0	0.0703125
28313403.0	0.0703125
28323052.5	0.0703125
28332240.5	0.0703125
28339974.5	0.0703125
28348300.5	0.0703125
28356387.5	0.0703125
28363720.5	0.0703125
28369256.0	0.0703125
28383679.5	0.0703125
28390921.0	0.0703125
28397876.5	0.0703125
28405433.5	0.0703125
28412908.5	0.0703125
28421361.0	0.0703125
28430907.5	0.0703125
28439140.5	0.0703125
28449598.5	0.0703125
28457515.5	0.0703125
28466572.0	0.0703125
28474871.0	0.0703125
28483224.5	0.0703125
28490127.0	0.0703125
28497952.0	0.0703125
28506455.0	0.0703125
28515225.0	0.0703125
28524898.0	0.0703125
28540254.5	0.0703125
28550182.5	0.0703125
28560053.5	0.0703125
28568463.0	0.0703125
28579234.0	0.0703125
28591344.0	0.0703125
28601426.5	0.0703125
28614910.0	0.0703125
28625647.0	0.0703125
28635140.5	0.0703125
28645678.5	0.0703125
28655091.5	0.0703125
28662421.0	0.0703125
28671361.5	0.0703125
28682486.0	0.0703125
28692594.5	0.0703125
28700907.5	0.0859375
28709802.0	0.0859375
28717417.0	0.0859375
28725381.5	0.0859375
28734563.0	0.0859375
28740600.0	0.0859375
28750264.5	0.0859375
28763203.0	0.0859375
28773625.0	0.0859375
28784258.5	0.0703125
28792917.5	0.0703125
28802940.0	0.0703125
28810814.5	0.0703125
28818301.5	0.0703125
28825052.5	0.0703125
28832169.0	0.0703125
28840253.5	0.0703125
28847675.5	0.0703125
28859266.5	0.0703125
28866505.0	0.0703125
28873276.5	0.0703125
28880912.0	0.0703125
28888191.0	0.0703125
28896852.5	0.0703125
28904629.0	0.0703125
28912371.5	0.0703125
28923388.0	0.0703125
28930578.5	0.0703125
28939373.5	0.0703125
28947166.5	0.0703125
28954975.5	0.0703125
28964061.0	0.0703125
28973067.5	0.0703125
28981740.5	0.0703125
28989302.0	0.0703125
28997300.5	0.0703125
29006074.0	0.0703125
29012478.5	0.0703125
29021530.0	0.0703125
29034702.5	0.0703125
29050163.0	0.0703125
29058320.0	0.0703125
29075363.0	0.0703125
29083241.0	0.0703125
29090704.0	0.0703125
29100644.0	0.0703125
29110627.0	0.0703125
29117162.0	0.0703125
29126990.0	0.0703125
29134885.0	0.0703125
29142471.0	0.0703125
29149575.0	0.0703125
29156096.0	0.0703125
29165351.0	0.0703125
29172408.0	0.0703125
29179457.5	0.0703125
29188934.5	0.0703125
29196515.0	0.0703125
29205704.5	0.0703125
29215702.5	0.0703125
29227261.0	0.0703125
29239560.0	0.0703125
29250565.0	0.0703125
29259388.0	0.0703125
29269339.5	0.0703125
29277632.5	0.0703125
29286767.0	0.0703125
29295424.0	0.0703125
29307223.0	0.0703125
29315047.5	0.0703125
29321909.5	0.0703125
29332211.5	0.0703125
29341103.0	0.0703125
29349114.0	0.0703125
29357465.5	0.0703125
29365814.0	0.0703125
29376095.5	0.0703125
29384720.5	0.0703125
29397278.5	0.0703125
29406634.0	0.0703125
29416243.5	0.0703125
29426670.5	0.0703125
29437673.5	0.0703125
29447618.5	0.0703125
29454981.5	0.0703125
29464342.5	0.0703125
29473898.0	0.0703125
29483516.5	0.0703125
29492487.5	0.0703125
29503261.5	0.0703125
29510959.5	0.0703125
29518384.0	0.0703125
29528616.0	0.0703125
29537270.0	0.0703125
29546184.5	0.0703125
29558140.0	0.0703125
29578076.5	0.0703125
29590939.0	0.0703125
29602140.5	0.0703125
29611369.5	0.0703125
29623121.0	0.0703125
29631204.0	0.0703125
29639111.0	0.0703125
29651834.0	0.0703125
29659400.0	0.0703125
29670054.5	0.0703125
29680501.5	0.0703125
29688226.5	0.0703125
29696772.5	0.0703125
29705640.5	0.0703125
29720125.0	0.0703125
29730034.5	0.0703125
29740224.0	0.0703125
29751527.0	0.0859375
29760531.0	0.0703125
29771361.0	0.0703125
29783973.5	0.0703125
29792565.0	0.0703125
29801707.5	0.0703125
29813918.0	0.0703125
29825781.0	0.0703125
29834042.5	0.0703125
29841638.5	0.0703125
29850063.0	0.0703125
29857718.5	0.0703125
29865981.0	0.0703125
29874080.5	0.0703125
29882706.5	0.0703125
29889519.5	0.0703125
29900454.5	0.0703125
29910815.0	0.0703125
29920343.5	0.0703125
29930912.5	0.0703125
29938730.5	0.0703125
29944888.5	0.0703125
29952806.5	0.0703125
29959743.0	0.0703125
29970390.5	0.0703125
30130513.0	0.0703125
30138511.5	0.0703125
30145960.0	0.0703125
30153366.0	0.0703125
30174602.0	0.0703125
30181799.5	0.0703125
30189194.0	0.0703125
30197925.0	0.0703125
30206277.0	0.0703125
30217310.0	0.0703125
30226792.0	0.0703125
30235278.0	0.0703125
30246326.5	0.0703125
30254275.5	0.0703125
30262791.5	0.0703125
30271898.5	0.0703125
30282210.5	0.0703125
30291756.0	0.0703125
30301121.5	0.0703125
30311388.5	0.0703125
30319803.5	0.0703125
30329759.5	0.0703125
30339500.5	0.0703125
30348987.5	0.0703125
30357373.0	0.0703125
30365078.0	0.0703125
30371753.5	0.0703125
30386418.0	0.0703125
30417930.0	0.0703125
30431081.0	0.0703125
30440435.0	0.0703125
30453029.0	0.0703125
30466835.5	0.0859375
30474027.0	0.0703125
30480948.0	0.0703125
30491694.0	0.0703125
30500514.5	0.0703125
30508212.0	0.0703125
30517844.5	0.0703125
30528462.0	0.0703125
30536004.5	0.0703125
30545973.0	0.0703125
30553825.5	0.0703125
30560900.0	0.0703125
30567153.5	0.0703125
30585466.5	0.0703125
30592385.5	0.0703125
30603048.0	0.0703125
30610908.0	0.0703125
30618829.0	0.0703125
30627640.5	0.0703125
30634838.0	0.0703125
30641322.5	0.0703125
30648471.5	0.0703125
30655161.5	0.0703125
30661999.5	0.0703125
30668603.0	0.0703125
30675251.5	0.0703125
30682181.0	0.0703125
30691897.0	0.0703125
30700504.0	0.0703125
30707092.5	0.0859375
30715156.0	0.0703125
30721828.5	0.0703125
30729607.5	0.0703125
30739811.0	0.0703125
30746707.0	0.0703125
30754916.5	0.0703125
30762802.0	0.0703125
30770050.5	0.0703125
30777844.0	0.0703125
30787953.0	0.0703125
30797180.0	0.0703125
30805247.0	0.0703125
30813012.5	0.0703125
30819674.5	0.0703125
30828576.5	0.0703125
30836433.5	0.0703125
30844207.0	0.0703125
30853417.0	0.0703125
30860798.5	0.0703125
30868009.5	0.0703125
30876928.0	0.0703125
30885269.0	0.0703125
30893543.0	0.0703125
30901283.5	0.0703125
30908405.0	0.0703125
30915907.5	0.0703125
30923883.0	0.0703125
30932655.0	0.0703125
30942110.0	0.0703125
30950253.0	0.0703125
30958240.5	0.0703125
30966512.5	0.0703125
30975376.5	0.0703125
30982436.0	0.0703125
30989263.0	0.0703125
30996275.5	0.0703125
31005181.0	0.0703125
31014115.5	0.0703125
31025339.5	0.0703125
31038784.5	0.0703125
31047730.0	0.0703125
31060517.5	0.0703125
31068649.5	0.0703125
31075624.5	0.0703125
31084571.5	0.0703125
31095256.5	0.0703125
31104044.5	0.0703125
31112727.5	0.0703125
31120856.5	0.0859375
31129608.0	0.0859375
31136804.5	0.0859375
31147279.0	0.0859375
31158004.5	0.0859375
31166265.0	0.0859375
31173006.0	0.0859375
31179918.5	0.0703125
31190545.5	0.0703125
31199608.5	0.0703125
31206918.0	0.0703125
31214809.0	0.0703125
31223176.0	0.0703125
31231975.5	0.0703125
31240387.5	0.0703125
31249038.5	0.0703125
31257833.0	0.0703125
31266129.0	0.0703125
31273658.0	0.0703125
31283509.5	0.0703125
31292901.0	0.0703125
31303355.0	0.0703125
31313345.5	0.0703125
31320360.5	0.0703125
31329074.0	0.0703125
31336415.0	0.0703125
31345888.0	0.0703125
31354406.5	0.0703125
31363473.0	0.0703125
31371932.5	0.0703125
31380489.5	0.0703125
31387950.0	0.0703125
31396388.0	0.0703125
31406322.0	0.0703125
31415062.5	0.0703125
31423520.5	0.0703125
31433169.0	0.0703125
31452101.0	0.0703125
31460115.0	0.0703125
31471372.0	0.0703125
31478339.5	0.0703125
31486544.0	0.0703125
31493627.0	0.0703125
31499198.5	0.0703125
31506011.0	0.0703125
31512034.0	0.0703125
31519220.5	0.0703125
31525722.5	0.0703125
31533571.5	0.0703125
31542041.0	0.0703125
31560365.0	0.0703125
31571863.5	0.0703125
31583375.5	0.0703125
31595435.5	0.0703125
31606475.0	0.0703125
31615588.5	0.0703125
31625723.5	0.0859375
31638197.5	0.0859375
31645944.5	0.0859375
31654334.5	0.0859375
31667186.0	0.0703125
31678835.0	0.0703125
31685784.5	0.0703125
31693940.5	0.0703125
31708359.5	0.0703125
31721293.5	0.0703125
31729291.0	0.0703125
31737790.0	0.0703125
31747290.0	0.0703125
31759640.0	0.0703125
31770837.5	0.0703125
31780097.5	0.0703125
31792177.0	0.0703125
31802351.5	0.0703125
31810863.5	0.0703125
31825541.5	0.0703125
31833448.0	0.0703125
31843558.5	0.0703125
31851586.0	0.0703125
31860678.0	0.0703125
31875056.5	0.0703125
31885358.5	0.0703125
31899729.0	0.0703125
31906666.0	0.0703125
31914637.0	0.0703125
31925132.5	0.0703125
31932650.5	0.0703125
31939424.5	0.0703125
31946143.0	0.0703125
31957081.0	0.0703125
31966986.0	0.0703125
31976539.5	0.0703125
31984167.0	0.0703125
31990493.5	0.0703125
31997463.5	0.0703125
32005107.5	0.0703125
32011566.0	0.0703125
32019426.0	0.0703125
32025797.0	0.0703125
32033436.0	0.0703125
32041241.5	0.0703125
32048205.5	0.0703125
32059379.0	0.0703125
32067853.5	0.0703125
32077752.5	0.0703125
32085832.0	0.0703125
32095244.0	0.0703125
32102560.0	0.0703125
32112427.0	0.0703125
32119983.5	0.0703125
32127734.5	0.0703125
32136282.0	0.0703125
32145905.5	0.0703125
32154219.5	0.0703125
32164706.5	0.0703125
32170923.5	0.0703125
32179431.5	0.0703125
32188044.0	0.0703125
32195355.5	0.0703125
32203657.5	0.0703125
32211193.0	0.0703125
32217889.0	0.0703125
32224504.5	0.0703125
32231509.5	0.0703125
32238346.0	0.0703125
32246413.5	0.0703125
32254295.5	0.0703125
32262782.0	0.0703125
32271732.0	0.0703125
32278444.0	0.0703125
32286252.5	0.0703125
32295046.5	0.0703125
32303090.5	0.0703125
32311610.5	0.0703125
32319902.0	0.0703125
32327763.0	0.0703125
32336312.5	0.0703125
32347157.5	0.0703125
32356149.5	0.0703125
32373185.0	0.0703125
32382768.5	0.0703125
32392674.5	0.0703125
32402215.0	0.0703125
32410455.5	0.0703125
32423627.5	0.0703125
32432789.0	0.0703125
32440375.0	0.0703125
32449924.5	0.0703125
32457879.0	0.0703125
32466462.5	0.0703125
32474672.5	0.0703125
32484173.0	0.0703125
32492406.5	0.0703125
32499788.5	0.0703125
32508232.5	0.0703125
32518260.5	0.0703125
32525185.5	0.0703125
32533660.5	0.0703125
32542299.5	0.0703125
32550014.5	0.0703125
32556775.5	0.0703125
32563392.5	0.0703125
32577380.5	0.0703125
32585624.0	0.0703125
32592706.5	0.0703125
32600209.5	0.0703125
32607389.0	0.0703125
32615736.5	0.0703125
32624524.5	0.0703125
32636730.5	0.0703125
32645155.0	0.0703125
32653336.0	0.0703125
32661696.0	0.0703125
32670711.5	0.0703125
32678872.0	0.0703125
32688662.0	0.0703125
32696119.0	0.0703125
32704346.5	0.0703125
32712086.0	0.0703125
32727992.0	0.0703125
32736964.5	0.0703125
32745591.0	0.0703125
32753384.5	0.0703125
32760183.0	0.0703125
32767679.5	0.0703125
32774578.0	0.0703125
32781556.0	0.0703125
32789318.5	0.0703125
32795733.0	0.0703125
32803996.0	0.0703125
32810690.5	0.0703125
32818535.5	0.0703125
32825355.0	0.0703125
32834535.5	0.0703125
32843769.0	0.0703125
32853889.0	0.0703125
32863139.5	0.0703125
32871703.5	0.0703125
32880339.5	0.0703125
32888896.0	0.0703125
32895231.0	0.0703125
32902363.5	0.0703125
32910049.5	0.0703125
32917174.5	0.0703125
32926529.0	0.0703125
32933228.5	0.0703125
32941341.0	0.0703125
32949415.5	0.0703125
32955005.5	0.0703125
32964101.5	0.0703125
32974162.5	0.0703125
32983902.0	0.0703125
32993723.5	0.0703125
33002830.5	0.0703125
33009494.5	0.0703125
33020501.5	0.0703125
33028725.5	0.0703125
33038023.0	0.0703125
33045563.5	0.0703125
33052957.5	0.0703125
33062846.0	0.0703125
33069627.5	0.0703125
33081718.5	0.0703125
33089510.5	0.0703125
33098335.0	0.0703125
33105441.0	0.0703125
33114893.5	0.0703125
33122977.0	0.0703125
33129664.5	0.0703125
33135558.0	0.0703125
33142193.5	0.0703125
33148217.5	0.0703125
33157776.0	0.0703125
33166352.5	0.0703125
33178626.5	0.0703125
33186582.5	0.0703125
33193740.0	0.0703125
33203272.5	0.0703125
33214065.0	0.0703125
33221239.5	0.0703125
33229228.0	0.0703125
33236366.5	0.0703125
33243754.0	0.0703125
33254083.0	0.0703125
33263561.0	0.0703125
33271211.5	0.0703125
33279961.0	0.0703125
33293017.0	0.0703125
33303640.5	0.0703125
33311271.5	0.0703125
33321107.0	0.0703125
33337050.0	0.0703125
33344070.0	0.0703125
33352318.0	0.0703125
33359714.0	0.0703125
33366675.5	0.0703125
33374806.5	0.0703125
33384925.5	0.0703125
33393599.0	0.0703125
33402798.5	0.0703125
33416121.5	0.0703125
33425340.5	0.0703125
33436408.0	0.0703125
33443336.5	0.0703125
33451566.0	0.0703125
33461038.0	0.0703125
33473310.0	0.0703125
33480638.5	0.0703125
33491318.0	0.0703125
33502623.0	0.0703125
33512771.0	0.0703125
33522043.0	0.0703125
33531341.5	0.0703125
33541251.5	0.0703125
33550380.5	0.0703125
33560039.0	0.0703125
33569601.5	0.0703125
33578162.0	0.0703125
33586223.0	0.0703125
33594217.0	0.0703125
33602422.5	0.0703125
33609291.5	0.0703125
33617064.5	0.0703125
33623920.5	0.0703125
33631637.0	0.0703125
33641209.5	0.0703125
33649949.0	0.0703125
33658132.0	0.0703125
33666839.5	0.0703125
33676117.0	0.0703125
33684454.5	0.0703125
33692828.0	0.0703125
33700450.5	0.0703125
33709039.5	0.0703125
33718039.0	0.0703125
33727313.0	0.0703125
33736362.0	0.0703125
33744826.0	0.0703125
33756746.0	0.0703125
33767460.0	0.0703125
33777358.0	0.0703125
33790623.0	0.0703125
33799987.5	0.0703125
33808483.0	0.0703125
33816201.5	0.0703125
33825910.5	0.0703125
33836410.5	0.0703125
33847174.5	0.0703125
33856093.5	0.0703125
33863197.5	0.0703125
33875757.0	0.0703125
33884248.0	0.0703125
33893427.0	0.0703125
33904845.0	0.0703125
33914527.0	0.0703125
33924317.5	0.0703125
33932981.5	0.0703125
33943967.5	0.0703125
33957642.5	0.0703125
33969385.0	0.0703125
33975355.0	0.0703125
33982360.0	0.0703125
33989030.0	0.0703125
33996135.5	0.0703125
34003545.5	0.0703125
34011390.5	0.0859375
34018937.0	0.0859375
34027047.0	0.0859375
34034737.5	0.0859375
34040592.0	0.0859375
34048619.5	0.0859375
34056076.0	0.0859375
34064344.5	0.0859375
34074651.5	0.0859375
34088767.5	0.0859375
34099420.0	0.0703125
34107012.0	0.0703125
34116258.5	0.0859375
34125388.0	0.0859375
34151965.5	0.0859375
34161257.5	0.0703125
34169884.5	0.0703125
34179416.0	0.0703125
34189094.0	0.0703125
34198304.5	0.0703125
34208013.0	0.0703125
34220365.5	0.0703125
34229818.5	0.0703125
34242002.5	0.0703125
34258313.0	0.0703125
34269421.5	0.0703125
34276708.0	0.0703125
34284575.0	0.0703125
34294752.5	0.0703125
34306504.5	0.0703125
34323472.5	0.0703125
34333973.0	0.0703125
34343443.0	0.0703125
34356576.5	0.0703125
34367228.0	0.0703125
34377021.0	0.0703125
34387825.0	0.0703125
34397707.5	0.0703125
34407545.5	0.0703125
34417321.0	0.0703125
34428341.0	0.0703125
34439839.0	0.0703125
34449040.5	0.0703125
34457804.0	0.0703125
34466526.0	0.0703125
34475623.0	0.0703125
34486691.0	0.0703125
34494629.0	0.0703125
34504295.0	0.0703125
34513973.5	0.0703125
34522809.5	0.0703125
34531714.0	0.0703125
34539128.0	0.0703125
34547278.5	0.0703125
34555637.5	0.0703125
34563598.5	0.0703125
34571840.0	0.0703125
34579374.0	0.0703125
34587992.0	0.0859375
34595526.5	0.0859375
34604723.0	0.0859375
34614500.0	0.0703125
34622556.0	0.0703125
34630460.5	0.0703125
34640287.0	0.0703125
34653620.5	0.0703125
34664075.0	0.0703125
34673403.5	0.0703125
34684820.5	0.0703125
34696157.0	0.0703125
34707000.0	0.0703125
34716404.5	0.0703125
34726232.0	0.0703125
34734196.0	0.0703125
34743439.0	0.0703125
34753680.5	0.0703125
34768292.5	0.0703125
34779311.0	0.0703125
34790827.5	0.0703125
34800853.5	0.0703125
34810960.0	0.0703125
34819170.0	0.0703125
34826593.5	0.0703125
34834987.0	0.0703125
34842207.5	0.0703125
34850789.0	0.0703125
34861895.5	0.0703125
34870534.0	0.0703125
34878869.5	0.0703125
34886440.5	0.0703125
34895715.5	0.0703125
34904399.5	0.0703125
34912621.0	0.0703125
34922292.0	0.0703125
34933086.0	0.0703125
34941441.5	0.0703125
34949426.0	0.0703125
34958072.5	0.0703125
34965762.5	0.0703125
34975896.5	0.0703125
34984883.0	0.0703125
34992755.0	0.0703125
35000348.5	0.0703125
35008730.0	0.0703125
35016420.5	0.0703125
35024566.0	0.0703125
35030880.0	0.0703125
35038918.0	0.0703125
35045680.0	0.0703125
35053253.0	0.0703125
35060880.0	0.0703125
35069028.5	0.0859375
35077915.0	0.0703125
35085750.0	0.0703125
35093912.5	0.0703125
35102517.5	0.0703125
35109547.0	0.0703125
35117695.0	0.0703125
35128252.5	0.0703125
35137281.5	0.0703125
35146355.5	0.0703125
35153433.0	0.0703125
35161191.5	0.0703125
35170067.5	0.0703125
35178122.5	0.0703125
35186961.5	0.0703125
35196598.0	0.0703125
35205501.0	0.0703125
35216792.5	0.0703125
35224553.0	0.0703125
35234519.5	0.0703125
35244323.0	0.0703125
35253157.0	0.0703125
35262802.5	0.0703125
35272066.0	0.0703125
35280301.5	0.0703125
35289386.0	0.0703125
35297471.0	0.0703125
35305428.5	0.0703125
35314680.5	0.0703125
35322842.0	0.0703125
35332248.5	0.0703125
35342017.0	0.0703125
35351257.0	0.0703125
35360397.0	0.0703125
35366740.0	0.0703125
35376209.5	0.0703125
35383189.0	0.0703125
35395668.5	0.0703125
35404274.5	0.0703125
35412466.5	0.0703125
35419417.5	0.0703125
35426788.0	0.0703125
35433472.5	0.0703125
35441543.0	0.0703125
35448501.5	0.0703125
35457222.0	0.0703125
35465811.0	0.0703125
35474641.5	0.0703125
35483460.5	0.0703125
35492693.0	0.0703125
35501981.0	0.0703125
35511128.0	0.0703125
35520269.0	0.0703125
35529877.5	0.0703125
35538446.5	0.0703125
35545110.5	0.0703125
35554209.0	0.0703125
35563205.5	0.0703125
35572035.0	0.0703125
35580623.0	0.0703125
35591727.5	0.0703125
35600084.5	0.0703125
35613763.0	0.0703125
35622018.5	0.0703125
35631544.0	0.0703125
35642768.0	0.0859375
35654430.5	0.0703125
35663633.5	0.0703125
35675950.5	0.0703125
35687627.0	0.0703125
35701472.5	0.0703125
35711173.5	0.0703125
35719580.0	0.0703125
35727556.5	0.0703125
35736145.5	0.0703125
35745971.5	0.0703125
35755497.0	0.0703125
35765833.0	0.0703125
35776238.5	0.0703125
35785462.5	0.0703125
35792790.5	0.0703125
35807228.5	0.0703125
35819081.5	0.0703125
35828012.0	0.0703125
35836194.0	0.0703125
35845989.0	0.0703125
35854839.0	0.0703125
35862358.0	0.0703125
35871355.0	0.0703125
35878767.0	0.0703125
35885957.5	0.0703125
35895008.5	0.0703125
35902929.5	0.0703125
35911105.0	0.0703125
35918555.5	0.0703125
35926852.0	0.0703125
35935393.5	0.0703125
35946860.0	0.0703125
35955763.0	0.0703125
35963962.5	0.0703125
35972103.5	0.0703125
35981361.0	0.0703125
35999547.0	0.0703125
36008313.5	0.0703125
36016770.5	0.0703125
36025023.5	0.0703125
36035544.5	0.0703125
36043692.0	0.0703125
36051556.5	0.0703125
36061011.0	0.0703125
36068717.0	0.0703125
36077003.0	0.0703125
36084725.5	0.0703125
36093458.0	0.0703125
36101593.5	0.0703125
36111661.5	0.0703125
36123709.5	0.0703125
36131780.0	0.0703125
36144748.0	0.0703125
36153474.0	0.0703125
36161693.0	0.0703125
36172597.0	0.0703125
36182570.0	0.0703125
36190543.5	0.0703125
36198886.0	0.0703125
36208667.0	0.0703125
36217879.5	0.0703125
36227145.5	0.0703125
36233573.5	0.0703125
36240755.5	0.0703125
36248316.0	0.0703125
36255773.0	0.0703125
36263664.5	0.0703125
36271447.0	0.0703125
36279129.5	0.0703125
36288372.5	0.0703125
36295874.5	0.0703125
36303914.5	0.0703125
36311989.5	0.0703125
36319949.0	0.0703125
36327610.5	0.0703125
36335728.0	0.0703125
36342805.0	0.0703125
36350826.5	0.0703125
36358615.5	0.0859375
36365006.5	0.0703125
36372198.5	0.0703125
36379630.0	0.0703125
36386843.0	0.0703125
36396083.0	0.0703125
36403981.5	0.0703125
36412947.5	0.0703125
36422597.5	0.0703125
36432985.0	0.0703125
36443204.5	0.0703125
36452316.5	0.0703125
36462001.0	0.0703125
36470384.0	0.0703125
36478359.0	0.0703125
36487492.5	0.0703125
36495998.5	0.0703125
36503303.5	0.0703125
36511549.5	0.0703125
36525452.0	0.0703125
36534996.5	0.0703125
36543424.5	0.0703125
36552204.5	0.0703125
36563170.0	0.0703125
36571929.0	0.0703125
36580617.5	0.0703125
36592232.5	0.0703125
36601400.5	0.0703125
36609866.5	0.0703125
36619641.5	0.0703125
36628471.5	0.0703125
36635416.5	0.0703125
36650897.5	0.0703125
36660758.0	0.0703125
36671560.5	0.0703125
36681986.5	0.0703125
36694604.5	0.0703125
36706506.0	0.0703125
36717988.0	0.0703125
36725869.5	0.0703125
36735605.5	0.0703125
36742482.5	0.0703125
36750315.5	0.0703125
36759118.5	0.0703125
36767200.0	0.0703125
36774586.0	0.0703125
36781967.0	0.0703125
36788514.0	0.0703125
36799006.5	0.0703125
36808242.0	0.0703125
36818851.0	0.0703125
36826810.5	0.0703125
36834567.5	0.0703125
36842319.5	0.0703125
36850502.0	0.0703125
36857522.5	0.0703125
36864593.0	0.0703125
36873759.5	0.0703125
36888309.0	0.0703125
36898377.0	0.0703125
36907982.0	0.0703125
36916079.0	0.0703125
36923422.5	0.0703125
36931739.0	0.0703125
36939068.5	0.0859375
36946190.5	0.0859375
36954290.0	0.0703125
36964067.5	0.0703125
36973272.5	0.0703125
36981008.5	0.0703125
36990135.5	0.0703125
36997224.0	0.0703125
37004722.5	0.0703125
37010830.5	0.0703125
37018942.5	0.0703125
37025334.5	0.0703125
37033374.5	0.0703125
37074071.5	0.0703125
37094654.5	0.0703125
37103934.0	0.0703125
37111619.5	0.0703125
37119002.0	0.0703125
37148803.5	0.0703125
37157080.5	0.0703125
37165952.0	0.0703125
37173099.0	0.0703125
37182609.5	0.0703125
37190558.5	0.0703125
37196434.5	0.0703125
37206224.0	0.0703125
37212302.5	0.0703125
37219348.0	0.0703125
37226549.0	0.0703125
37234772.5	0.0703125
37241727.0	0.0703125
37248362.5	0.0703125
37254535.0	0.0703125
37261828.0	0.0703125
37269375.5	0.0703125
37277637.0	0.0703125
37288557.5	0.0703125
37298425.5	0.0703125
37366952.5	0.0703125
37421640.5	0.0703125
37430769.0	0.0703125
37441498.5	0.0703125
37449383.5	0.0859375
37456591.0	0.0703125
37465830.0	0.0703125
37477073.5	0.0703125
37484438.5	0.0703125
37492719.5	0.0703125
37501447.5	0.0703125
37510598.0	0.0703125
37526944.0	0.0703125
37536042.5	0.0703125
37546749.0	0.0703125
37555401.5	0.0703125
37563600.0	0.0703125
37572432.5	0.0703125
37583816.5	0.0703125
37595274.0	0.0703125
37606604.0	0.0703125
37616866.0	0.0703125
37626259.5	0.0703125
37633829.0	0.0703125
37642567.5	0.0703125
37654307.5	0.0703125
37666747.0	0.0703125
37676337.5	0.0703125
37687577.0	0.0703125
37696038.0	0.0703125
37703469.0	0.0703125
37712384.5	0.0703125
37723621.5	0.0703125
37734799.5	0.0703125
37746088.5	0.0703125
37756127.5	0.0703125
37764011.5	0.0703125
37774366.5	0.0703125
37785622.0	0.0703125
37797489.0	0.0703125
37806749.5	0.0703125
37815354.0	0.0703125
37825512.5	0.0703125
37836219.0	0.0703125
37846029.0	0.0703125
37854564.5	0.0703125
37864859.0	0.0703125
37875323.5	0.0703125
37886968.5	0.0703125
37897195.0	0.0703125
37906784.5	0.0703125
37914485.0	0.0703125
37923880.5	0.0703125
37932826.5	0.0703125
37941419.5	0.0703125
37949104.0	0.0703125
37957971.0	0.0703125
37966660.0	0.0703125
37975330.0	0.0703125
37984610.5	0.0703125
37992306.5	0.0703125
38001120.5	0.0703125
38009593.0	0.0703125
38019506.5	0.0703125
38028290.5	0.0703125
38037198.0	0.0703125
38046171.0	0.0703125
38056940.5	0.0703125
38065759.0	0.0703125
38074879.5	0.0703125
38081372.5	0.0703125
38087804.0	0.0703125
38095973.0	0.0703125
38103207.5	0.0703125
38111489.0	0.0703125
38119547.0	0.0703125
38130523.5	0.0703125
38141162.5	0.0859375
38153560.5	0.0703125
38164748.5	0.0703125
38179227.5	0.0703125
38192398.0	0.0703125
38209012.0	0.0703125
38220100.0	0.0703125
38229840.5	0.0703125
38236488.5	0.0703125
38244916.5	0.0703125
38253154.0	0.0703125
38263699.5	0.0703125
38271530.5	0.0703125
38279982.0	0.0703125
38288906.0	0.0703125
38295253.5	0.0703125
38303479.0	0.0703125
38314174.5	0.0703125
38324262.0	0.0703125
38332036.5	0.0703125
38342868.0	0.0703125
38350021.0	0.0703125
38358249.5	0.0703125
38366552.5	0.0703125
38375512.5	0.0703125
38383919.0	0.0703125
38393931.0	0.0703125
38400869.5	0.0703125
38409751.0	0.0703125
38417322.0	0.0703125
38425939.0	0.0703125
38433637.0	0.0703125
38441496.0	0.0703125
38450639.5	0.0703125
38458865.5	0.0703125
38467710.0	0.0703125
38476309.5	0.0703125
38484696.0	0.0703125
38494137.5	0.0703125
38504218.5	0.0703125
38523941.5	0.0703125
38531701.0	0.0703125
38539912.5	0.0703125
38548678.5	0.0703125
38557755.0	0.0703125
38568333.5	0.0703125
38574637.5	0.0703125
38584722.5	0.0703125
38594414.5	0.0703125
38605011.5	0.0703125
38615261.0	0.0703125
38623923.5	0.0703125
38633693.5	0.0703125
38644483.0	0.0703125
38656238.5	0.0703125
38671293.5	0.0703125
38681122.0	0.0703125
38690636.5	0.0703125
38702551.0	0.0703125
38712548.5	0.0703125
38722034.5	0.0703125
38730350.0	0.0703125
38743868.5	0.0703125
38752060.5	0.0703125
38761408.5	0.0703125
38768954.5	0.0703125
38776470.5	0.0703125
38785347.0	0.0703125
38793055.0	0.0703125
38801642.5	0.0703125
38809230.5	0.0703125
38816647.0	0.0703125
38824668.5	0.0703125
38833967.0	0.0703125
38840559.5	0.0703125
38848292.5	0.0859375
38854449.5	0.0859375
38861941.0	0.0859375
38875793.0	0.0703125
38885346.0	0.0703125
38895322.5	0.0703125
38902490.0	0.0703125
38910962.5	0.0703125
38919018.0	0.0703125
38926349.0	0.0703125
38935290.0	0.0703125
38942030.0	0.0703125
38948938.5	0.0703125
38955275.0	0.0703125
38962826.5	0.0703125
38969895.0	0.0703125
38976280.5	0.0859375
38984250.0	0.0703125
38992022.5	0.0703125
38999328.5	0.0703125
39011154.0	0.0703125
39018001.5	0.0703125
39025553.5	0.0703125
39034978.0	0.0703125
39043899.0	0.0703125
39050294.5	0.0703125
39058997.0	0.0703125
39066392.0	0.0703125
39073219.5	0.0703125
39082627.5	0.0703125
39090194.5	0.0703125
39110338.5	0.0703125
39116599.5	0.0703125
39123704.5	0.0703125
39136146.5	0.0703125
39142737.5	0.0703125
39149230.0	0.0703125
39156110.5	0.0703125
39162989.0	0.0703125
39169281.5	0.0703125
39181672.5	0.0703125
39207790.0	0.0703125
39221437.0	0.0703125
39229374.5	0.0703125
39237972.0	0.0703125
39248675.0	0.0703125
39257268.5	0.0703125
39266005.0	0.0703125
39276886.0	0.0703125
39289716.0	0.0703125
39301131.5	0.0703125
39309727.5	0.0703125
39316679.0	0.0703125
39324120.0	0.0703125
39330425.0	0.0703125
39338891.5	0.0703125
39346951.0	0.0703125
39356082.0	0.0703125
39366571.0	0.0703125
39374803.5	0.0703125
39383344.5	0.0703125
39390044.5	0.0703125
39399917.0	0.0703125
39408399.5	0.0703125
39420994.0	0.0703125
39430542.0	0.0703125
39437883.0	0.0703125
39445255.5	0.0703125
39452152.5	0.0703125
39457489.5	0.0703125
39463909.5	0.0703125
39470353.5	0.0703125
39478589.5	0.0703125
39485596.0	0.0703125
39494307.0	0.0703125
39502601.5	0.0703125
39510821.0	0.0703125
39519984.5	0.0703125
39537985.0	0.0703125
39547519.0	0.0703125
39557357.0	0.0703125
39569089.0	0.0703125
39579073.5	0.0703125
39586562.0	0.0703125
39596054.5	0.0703125
39603003.0	0.0703125
39610183.0	0.0703125
39632933.0	0.0703125
39642878.5	0.0859375
39650508.5	0.0859375
39657709.5	0.0703125
39665514.0	0.0703125
39673627.0	0.0703125
39682425.0	0.0703125
39692868.0	0.0703125
39699179.0	0.0703125
39709647.0	0.0703125
39720669.5	0.0703125
39728604.0	0.0703125
39737326.5	0.0703125
39747116.5	0.0703125
39757202.5	0.0703125
39766887.0	0.0703125
39775813.5	0.0703125
39784647.5	0.0703125
39795455.0	0.0703125
39806700.5	0.0703125
39814515.5	0.0703125
39821831.0	0.0703125
39828741.0	0.0703125
39835824.0	0.0703125
39844282.5	0.0703125
39854932.0	0.0703125
39865305.5	0.0703125
39874636.0	0.0703125
39883315.5	0.0703125
39891114.0	0.0703125
39900088.5	0.0703125
39908970.5	0.0703125
39917554.0	0.0703125
39926276.5	0.0703125
39934738.5	0.0703125
39949081.5	0.0703125
39958038.0	0.0703125
39967723.5	0.0703125
39978500.0	0.0703125
39994188.0	0.0703125
40003179.5	0.0703125
40013448.0	0.0703125
40022998.0	0.109375
40033634.5	0.0859375
40044852.0	0.0859375
40058990.0	0.0859375
40067770.5	0.0859375
40077781.5	0.0859375
40092780.5	0.0859375
40108869.0	0.0859375
40121121.5	0.0859375
40139634.0	0.0859375
40150152.0	0.0859375
40162311.5	0.0859375
40172636.5	0.0859375
40183570.5	0.0859375
40193962.0	0.0859375
40202152.0	0.0859375
40210355.0	0.0703125
40219299.0	0.0703125
40228390.5	0.0703125
40236475.0	0.0703125
40244486.0	0.0703125
40254853.0	0.0703125
40273091.0	0.0703125
40284392.0	0.0703125
40292049.0	0.0703125
40302090.5	0.0703125
40311019.5	0.0703125
40319542.0	0.0703125
40329533.0	0.0703125
40344348.5	0.0703125
40356807.0	0.0703125
40366929.5	0.0703125
40383449.0	0.0703125
40393522.5	0.0703125
40403791.5	0.0703125
40410972.0	0.0703125
40418863.0	0.0703125
40427915.0	0.0703125
40438115.0	0.0703125
40446697.5	0.0703125
40453381.0	0.0703125
40463071.5	0.0703125
40476601.5	0.0703125
40486622.5	0.0703125
40497799.5	0.0703125
40509671.0	0.0703125
40521032.0	0.0703125
40536841.0	0.0703125
40550169.5	0.0703125
40561492.5	0.0703125
40575936.5	0.0703125
40586386.0	0.0703125
40599661.5	0.0703125
40608047.5	0.0703125
40618404.0	0.0703125
40626298.0	0.0703125
40634578.5	0.0859375
40642871.0	0.0703125
40651385.0	0.0859375
40661133.5	0.0703125
40669776.5	0.0703125
40677268.0	0.0703125
40685809.5	0.0703125
40693685.5	0.0703125
40700793.5	0.0703125
40708486.5	0.0703125
40715811.5	0.0703125
40725201.0	0.0703125
40736956.0	0.0703125
40744850.5	0.0703125
40754840.5	0.0703125
40764505.5	0.0703125
40774844.5	0.0703125
40787462.0	0.0703125
40796882.5	0.0703125
40807102.0	0.0703125
40820379.0	0.0703125
40828628.0	0.0703125
40840041.0	0.0703125
40850750.0	0.0703125
40862046.5	0.0703125
40873077.5	0.0703125
40883985.0	0.0703125
40895487.0	0.0703125
40906262.0	0.0703125
40920836.5	0.0703125
40931778.0	0.0703125
40940276.5	0.0703125
40949921.5	0.0703125
40957951.0	0.0703125
40966824.0	0.0859375
40976436.5	0.0859375
40988190.5	0.0859375
40999974.5	0.0859375
41013482.5	0.0859375
41024283.5	0.0859375
41037086.0	0.0859375
41051998.0	0.109375
41064959.0	0.1171875
41081000.5	0.1171875
41097584.0	0.1171875
41111307.5	0.1171875
41122119.0	0.109375
41134489.0	0.0859375
41156480.0	0.0859375
41164348.5	0.0859375
41174770.0	0.0859375
41184107.0	0.0859375
41191336.5	0.0859375
41200307.5	0.0859375
41208896.5	0.0859375
41218549.0	0.0859375
41227414.5	0.0859375
41236425.5	0.0859375
41245179.0	0.0859375
41251605.5	0.0859375
41261622.5	0.0859375
41279911.0	0.0859375
41289641.5	0.0859375
41297422.5	0.0859375
41308155.5	0.0859375
41316291.5	0.0859375
41323433.0	0.0859375
41331623.0	0.109375
41340702.5	0.0859375
41348284.0	0.0859375
41356757.0	0.0703125
41364384.0	0.0703125
41372525.0	0.0703125
41381342.0	0.0703125
41390127.0	0.0703125
41398662.5	0.0703125
41405311.5	0.0703125
41413530.0	0.0703125
41422132.5	0.0703125
41431089.5	0.0703125
41439174.5	0.0703125
41447310.5	0.0703125
41457540.5	0.0703125
41467114.5	0.0703125
41483956.0	0.0703125
41493037.5	0.0859375
41501742.5	0.0859375
41510558.5	0.0859375
41519862.0	0.0859375
41527775.0	0.0859375
41535832.5	0.0703125
41543490.5	0.0703125
41550577.0	0.0703125
41559724.0	0.0703125
41571722.5	0.0703125
41584298.5	0.0703125
41594383.0	0.0703125
41604633.5	0.0703125
41614349.0	0.0703125
41624093.0	0.0703125
41632891.0	0.0703125
41642055.0	0.0703125
41649867.5	0.0703125
41659196.5	0.0703125
41668434.5	0.0703125
41678248.5	0.0703125
41688155.0	0.0703125
41699483.0	0.0703125
41707639.5	0.0703125
41721330.0	0.0703125
41732266.0	0.0703125
41743430.5	0.0703125
41753378.0	0.0703125
41763663.5	0.0703125
41771290.5	0.0703125
41779636.0	0.0703125
41788707.5	0.0703125
41798894.0	0.0703125
41807530.0	0.0703125
41817821.5	0.0703125
41829659.5	0.0703125
41841939.5	0.0703125
41849477.5	0.0703125
41856676.5	0.0703125
41863965.5	0.0703125
41871660.0	0.0703125
41880855.5	0.0703125
41888859.0	0.0703125
41897069.0	0.0703125
41906613.5	0.0703125
41914983.5	0.0703125
41923394.5	0.0703125
41930768.5	0.0703125
41939200.0	0.0703125
41948944.0	0.0703125
41966978.5	0.0703125
41977165.5	0.0703125
41986496.0	0.0703125
41994358.5	0.0703125
42005089.5	0.0703125
42012999.0	0.0703125
42020713.5	0.0703125
42027576.0	0.0703125
42036730.5	0.0703125
42045682.5	0.0703125
42052775.0	0.0703125
42063266.5	0.0703125
42071597.5	0.0703125
42081554.5	0.0703125
42091526.5	0.0703125
42100125.0	0.0703125
42115963.5	0.0703125
42125409.0	0.0703125
42133858.5	0.0703125
42144325.0	0.0703125
42155412.5	0.0703125
42166477.0	0.0703125
42173824.5	0.0703125
42200722.5	0.0703125
42212905.0	0.0703125
42220154.5	0.0703125
42228177.5	0.0703125
42237472.5	0.0703125
42246871.0	0.0703125
42256348.5	0.0703125
42264743.5	0.0703125
42274697.0	0.0703125
42283083.5	0.0703125
42292869.5	0.0703125
42301838.5	0.0703125
42309559.5	0.0703125
42315451.0	0.0703125
42322881.0	0.0703125
42330225.5	0.0703125
42336783.0	0.0703125
42343679.5	0.0703125
42351048.0	0.0703125
42358383.0	0.0703125
42365903.0	0.0703125
42373664.5	0.0703125
42381159.5	0.0703125
42390217.0	0.0703125
42399478.0	0.0703125
42409458.0	0.0703125
42418233.0	0.0703125
42425983.0	0.0703125
42433312.0	0.0703125
42442652.5	0.0703125
42452819.5	0.0703125
42463088.5	0.0703125
42472849.5	0.0859375
42481128.0	0.0703125
42490594.5	0.0703125
42500326.5	0.0703125
42508728.0	0.0859375
42518093.5	0.0859375
42526584.0	0.0703125
42535456.5	0.0703125
42545240.5	0.0703125
42555239.0	0.0703125
42564723.0	0.0703125
42573545.5	0.0703125
42582405.0	0.0703125
42590037.0	0.0703125
42596909.5	0.0703125
42606048.5	0.0703125
42612828.5	0.0703125
42620268.0	0.0703125
42626417.0	0.0703125
42633380.5	0.0703125
42639859.0	0.0703125
42645970.5	0.0703125
42651659.5	0.0703125
42658828.5	0.0703125
42665839.0	0.0703125
42673404.5	0.0703125
42682957.0	0.0703125
42690382.0	0.0703125
42699437.0	0.0703125
42708218.0	0.0703125
42717195.0	0.0703125
42726597.0	0.0703125
42734069.0	0.0703125
42742739.5	0.0703125
42751637.5	0.0703125
42759365.5	0.0703125
42767664.5	0.0703125
42776867.0	0.0703125
42784777.0	0.0703125
42792239.5	0.0703125
42802316.5	0.0703125
42813510.5	0.0703125
42825992.0	0.0703125
42835430.5	0.0703125
42843637.0	0.0703125
42853428.0	0.0703125
42861683.5	0.0703125
42869672.0	0.0703125
42879275.5	0.0703125
42889569.5	0.0703125
42898851.0	0.0703125
42909627.0	0.0703125
42919848.0	0.0703125
42930127.0	0.0703125
42940820.5	0.0703125
42956211.5	0.0703125
42967340.5	0.0703125
42978958.0	0.0703125
42989727.0	0.0703125
42998995.0	0.0703125
43006184.0	0.0703125
43019254.5	0.0703125
43033984.5	0.0703125
43045268.0	0.0703125
43055807.0	0.0703125
43064199.0	0.0703125
43073491.5	0.0703125
43083226.5	0.0703125
43091398.5	0.0703125
43099059.0	0.0703125
43109974.0	0.0703125
43121206.5	0.0703125
43131543.5	0.0703125
43143354.5	0.0703125
43153531.5	0.0703125
43160624.5	0.0703125
43169655.5	0.0703125
43177826.0	0.0703125
43185107.0	0.0703125
43192882.5	0.0703125
43200227.5	0.0703125
43208293.0	0.0703125
43215827.5	0.0703125
43223050.5	0.0703125
43232218.5	0.0703125
43240627.0	0.0703125
43247533.5	0.0703125
43254032.0	0.0703125
43261634.5	0.0703125
43268177.0	0.0703125
43275089.5	0.0703125
43281554.5	0.0703125
43288989.5	0.0703125
43296296.0	0.0703125
43306103.5	0.0703125
43318868.0	0.0703125
43326240.5	0.0703125
43333888.5	0.0703125
43343914.5	0.0703125
43352640.5	0.0703125
43361845.5	0.0703125
43373693.0	0.0703125
43382416.0	0.0703125
43392087.5	0.0703125
43402208.0	0.0703125
43419092.0	0.0703125
43429417.0	0.0703125
43441838.0	0.0703125
43453233.5	0.0703125
43463742.5	0.0703125
43474257.5	0.0703125
43484960.0	0.0703125
43493497.0	0.0703125
43502396.0	0.0703125
43511753.0	0.0703125
43519934.5	0.0703125
43530107.0	0.0703125
43538772.0	0.0703125
43548092.0	0.0703125
43557612.0	0.0703125
43564989.5	0.0703125
43574290.0	0.0703125
43585001.0	0.0703125
43596885.0	0.0703125
43609134.5	0.0703125
43615682.5	0.0703125
43625809.0	0.0703125
43634471.0	0.0703125
43643053.5	0.0703125
43650354.0	0.0703125
43658264.0	0.0703125
43669371.0	0.0703125
43679056.5	0.0703125
43688584.0	0.0703125
43696788.5	0.0703125
43705466.0	0.0703125
43714306.5	0.0703125
43722601.0	0.0703125
43729780.5	0.0703125
43736711.0	0.0703125
43745325.5	0.0703125
43756269.5	0.0703125
43765998.5	0.0703125
43777075.0	0.0703125
43787891.5	0.0703125
43798369.5	0.0703125
43809284.0	0.0703125
43821475.0	0.0703125
43833020.5	0.0703125
43841149.0	0.0703125
43850376.0	0.0703125
43859383.0	0.0703125
43867343.5	0.0703125
43876695.5	0.0703125
43885788.0	0.0703125
43894657.0	0.0703125
43903040.5	0.0703125
43912388.0	0.0703125
43920205.5	0.0703125
43928473.0	0.0703125
43937638.5	0.0703125
43947475.5	0.0703125
43958478.0	0.0703125
43968623.5	0.0703125
43976435.5	0.0703125
43985531.5	0.0703125
43996723.5	0.0703125
44006799.5	0.0703125
44016768.0	0.0703125
44024973.0	0.0703125
44034016.5	0.0703125
44044573.5	0.0703125
44058048.5	0.0703125
44068564.0	0.0703125
44076492.0	0.0703125
44084465.0	0.0703125
44091264.5	0.0703125
44097945.5	0.0703125
44106315.0	0.0703125
44114544.0	0.0703125
44121719.0	0.0703125
44128834.0	0.0703125
44136265.5	0.0703125
44143787.5	0.0703125
44151150.0	0.0703125
44160383.5	0.0703125
44186416.0	0.0703125
44196550.5	0.0703125
44206275.0	0.0703125
44214831.0	0.0703125
44224024.5	0.0703125
44231790.5	0.0703125
44239886.0	0.0703125
44246420.0	0.0703125
44254708.0	0.0703125
44262793.5	0.0703125
44282535.5	0.0703125
44293489.0	0.0703125
44304932.0	0.0703125
44315032.0	0.0703125
44322673.5	0.0703125
44331014.0	0.0703125
44339585.0	0.0703125
44351156.5	0.0703125
44358855.0	0.0703125
44370878.0	0.0703125
44384298.0	0.0703125
44393774.5	0.0703125
44403537.5	0.0703125
44439050.0	0.0703125
44447751.5	0.0703125
44455294.0	0.0703125
44462607.0	0.0703125
44469313.5	0.0703125
44476648.5	0.0703125
44485079.5	0.0703125
44493340.5	0.0703125
44502554.0	0.0703125
44512269.5	0.0703125
44523512.5	0.0703125
44532603.5	0.0703125
44540947.0	0.0703125
44550049.5	0.0703125
44558378.5	0.0703125
44567090.5	0.0703125
44575379.5	0.0703125
44582766.5	0.0703125
44590690.5	0.0703125
44599615.0	0.0703125
44610202.5	0.0703125
44621031.0	0.0703125
44628635.5	0.0703125
44637441.0	0.0703125
44645503.0	0.0703125
44653857.5	0.0703125
44663477.0	0.0703125
44673579.0	0.0703125
44683423.0	0.0703125
44691498.0	0.0703125
44699792.5	0.0703125
44711705.5	0.0703125
44718313.5	0.0703125
44726304.5	0.0703125
44736420.5	0.0703125
44751880.5	0.0703125
44761679.5	0.0703125
44772419.0	0.0703125
44781791.5	0.0703125
44791900.5	0.0703125
44800857.0	0.0703125
44809722.0	0.0703125
44818153.5	0.0703125
44829044.0	0.0703125
44872078.5	0.0703125
44882612.0	0.0703125
44895080.0	0.0703125
44904365.5	0.0703125
44914140.5	0.0703125
44924454.5	0.0703125
44934649.5	0.0703125
44944880.5	0.0703125
44953057.0	0.0703125
44964978.0	0.0703125
44973005.5	0.0703125
44985955.5	0.0703125
44994741.0	0.0703125
45009452.5	0.0703125
45040046.5	0.0703125
45050415.0	0.0703125
45058175.5	0.0703125
45069376.0	0.0703125
45076698.5	0.0703125
45087109.0	0.0703125
45100380.5	0.0703125
45113011.5	0.0703125
45122516.5	0.0703125
45130543.0	0.0703125
45138911.0	0.0703125
45148638.5	0.0703125
45157166.0	0.0703125
45165750.5	0.0703125
45174743.5	0.0703125
45182361.5	0.0703125
45189956.0	0.0703125
45198156.0	0.0703125
45206203.0	0.0703125
45216128.5	0.0703125
45225683.0	0.0703125
45234696.5	0.0703125
45243009.5	0.0703125
45252995.5	0.0703125
45262162.5	0.0703125
45270416.0	0.0703125
45279638.0	0.0703125
45290614.5	0.0703125
45299535.5	0.0703125
45307301.5	0.0703125
45318371.5	0.0703125
45327003.5	0.0703125
45336511.5	0.0703125
45344965.0	0.0703125
45354355.5	0.0703125
45363686.0	0.0703125
45372345.5	0.0703125
45381977.5	0.0703125
45391646.5	0.0703125
45400401.0	0.0703125
45408715.5	0.0703125
45417210.5	0.0703125
45424787.0	0.0703125
45431604.5	0.0703125
45439298.5	0.0703125
45447853.0	0.0703125
45455956.5	0.0703125
45463802.5	0.0703125
45470823.5	0.0703125
45477705.0	0.0859375
45484944.5	0.0703125
45491904.5	0.0703125
45500893.5	0.0703125
45509861.0	0.0703125
45517972.5	0.0703125
45527008.0	0.0703125
45534528.0	0.0703125
45545031.0	0.0703125
45555180.5	0.0703125
45563855.5	0.0703125
45572001.0	0.0703125
45580977.0	0.0703125
45589510.5	0.0703125
45596795.5	0.0703125
45605489.0	0.0703125
45613291.5	0.0703125
45619768.0	0.0703125
45630408.5	0.0703125
45639515.0	0.0703125
45650358.0	0.0703125
45657007.5	0.0703125
45664982.5	0.0703125
45672213.0	0.0703125
45688022.0	0.0703125
45696663.0	0.0703125
45703581.0	0.0703125
45710627.5	0.0703125
45716769.0	0.0703125
45724963.5	0.0703125
45733584.5	0.0703125
45742695.0	0.0703125
45752157.5	0.0703125
45764067.0	0.0703125
45777326.0	0.0703125
45791511.0	0.0703125
45802505.5	0.0703125
45812997.0	0.0703125
45824609.5	0.0703125
45837089.5	0.0703125
45848050.5	0.0703125
45858734.0	0.0703125
45869920.5	0.0703125
45878511.5	0.0703125
45887088.5	0.0703125
45897417.0	0.0703125
45907737.0	0.0703125
45917576.5	0.0703125
45926484.5	0.0703125
45937207.5	0.0703125
45946521.5	0.0703125
45954824.0	0.0703125
45963098.0	0.0703125
45970902.5	0.0703125
45981630.0	0.0703125
45998465.5	0.0703125
46008721.5	0.0703125
46017519.0	0.0703125
46025648.5	0.0703125
46033155.5	0.0703125
46040310.0	0.0703125
46049264.5	0.0703125
46057725.5	0.0703125
46065045.0	0.0703125
46072752.0	0.0703125
46081414.5	0.0703125
46093982.0	0.0703125
46102877.0	0.0703125
46111828.5	0.0703125
46120313.5	0.0703125
46128002.5	0.0703125
46136963.0	0.0703125
46144556.0	0.0703125
46153232.5	0.0703125
46162468.0	0.0703125
46170527.0	0.0859375
46178173.0	0.0703125
46187994.5	0.0703125
46198397.0	0.0703125
46209038.5	0.0703125
46217111.0	0.0703125
46225383.0	0.0703125
46231780.0	0.0703125
46239871.5	0.0703125
46248268.5	0.0703125
46256924.5	0.0703125
46264952.5	0.0703125
46274687.0	0.0703125
46284273.0	0.0703125
46292192.5	0.0703125
46301704.5	0.0703125
46309726.0	0.0703125
46318383.5	0.0703125
46338028.5	0.0703125
46355373.5	0.0703125
46365102.5	0.0703125
46371995.0	0.0703125
46378619.0	0.0703125
46386386.5	0.0703125
46394708.5	0.0703125
46416999.5	0.0703125
46424469.0	0.0703125
46432469.0	0.0703125
46440095.5	0.0703125
46447658.5	0.0703125
46455671.0	0.0703125
46464049.0	0.0703125
46471137.5	0.0703125
46479105.0	0.0703125
46486438.0	0.0703125
46494139.0	0.0703125
46502440.5	0.0703125
46511062.5	0.0703125
46520531.5	0.0703125
46532130.0	0.0703125
46541176.5	0.0703125
46548963.0	0.0703125
46558442.0	0.0703125
46567023.5	0.0703125
46574933.5	0.0703125
46584082.5	0.0703125
46593814.0	0.0703125
46603076.0	0.0703125
46612911.0	0.0703125
46619826.0	0.0703125
46628661.5	0.0703125
46638264.5	0.0703125
46650597.5	0.0703125
46657638.0	0.0703125
46664339.5	0.0703125
46672061.0	0.0703125
46680226.0	0.0703125
46687575.0	0.0703125
46694262.5	0.0703125
46702124.0	0.0703125
46712423.5	0.0703125
46724106.5	0.0703125
46747353.5	0.0703125
46758892.0	0.0703125
46768911.5	0.0703125
46777613.5	0.0703125
46786428.5	0.0703125
46794662.0	0.0859375
46802009.5	0.0859375
46810515.0	0.0703125
46817114.0	0.0703125
46825397.0	0.0703125
46834386.0	0.0703125
46844713.0	0.0703125
46852853.5	0.0703125
46861135.5	0.0703125
46871952.0	0.0703125
46883259.0	0.0703125
46893984.0	0.0859375
46905654.5	0.0703125
46915913.5	0.0703125
46928007.0	0.0703125
46936959.0	0.0703125
46945152.5	0.0703125
46952190.5	0.0703125
46959502.0	0.0703125
46967601.0	0.0703125
46976360.0	0.0703125
46985464.0	0.0703125
46995147.5	0.0703125
47005957.0	0.0703125
47014108.5	0.0703125
47022206.0	0.0703125
47029915.5	0.0703125
47037431.0	0.0703125
47045510.0	0.0703125
47053529.0	0.0703125
47061612.5	0.0703125
47068619.5	0.0703125
47076456.0	0.0703125
47088315.5	0.0703125
47096186.5	0.0703125
47105177.5	0.0703125
47113902.5	0.0703125
47121974.5	0.0703125
47133557.5	0.0703125
47144680.0	0.0703125
47153599.0	0.0703125
47160986.0	0.0703125
47169043.5	0.0703125
47176564.5	0.0703125
47185223.0	0.0703125
47195837.0	0.0703125
47202975.5	0.0703125
47211134.5	0.0703125
47218825.5	0.0703125
47228442.5	0.0703125
47238974.5	0.0703125
47247695.5	0.0703125
47257395.0	0.0703125
47270732.0	0.0703125
47281484.0	0.0703125
47290953.5	0.0703125
47298536.0	0.0703125
47306326.5	0.0703125
47315182.5	0.0703125
47324020.0	0.0703125
47332695.5	0.0703125
47341919.0	0.0703125
47351002.5	0.0703125
47357878.5	0.0703125
47367112.0	0.0703125
47376288.5	0.0703125
47384669.0	0.0703125
47394661.0	0.0703125
47404255.0	0.0703125
47412911.0	0.0703125
47421199.0	0.0703125
47429121.5	0.0703125
47441441.5	0.0703125
47449128.5	0.0703125
47456582.5	0.0703125
47465368.0	0.0703125
47474830.0	0.0703125
47484327.0	0.0703125
47492398.5	0.0703125
47500441.5	0.0703125
47510170.0	0.0703125
47518344.0	0.0703125
47526926.0	0.0703125
47534767.5	0.0703125
47542080.5	0.0703125
47550344.5	0.0703125
47558040.5	0.0703125
47566414.0	0.0703125
47574039.0	0.0703125
47581398.5	0.0703125
47587917.5	0.0703125
47595320.5	0.0703125
47603486.5	0.0703125
47614731.5	0.0703125
47622647.5	0.0703125
47629436.5	0.0703125
47638264.0	0.0703125
47652000.5	0.0703125
47663512.5	0.0703125
47678089.5	0.0703125
47707017.5	0.0703125
47717634.0	0.0703125
47724860.0	0.0703125
47734640.5	0.0703125
47744470.0	0.0703125
47754510.0	0.0703125
47766217.5	0.0703125
47774389.5	0.0703125
47784804.0	0.0703125
47796226.5	0.0703125
47807316.0	0.0703125
47815204.5	0.0703125
47824077.5	0.0703125
47831620.0	0.0703125
47841983.5	0.0703125
47852549.0	0.0703125
47861504.5	0.0703125
47870169.0	0.0703125
47877525.0	0.0703125
47885449.0	0.0703125
47893253.0	0.0703125
47900837.0	0.0703125
47908446.0	0.0703125
47915852.0	0.0703125
47924101.0	0.0703125
47930899.0	0.0703125
47937308.5	0.0703125
47943580.0	0.0703125
47950695.0	0.0703125
47958054.5	0.0703125
47965139.0	0.0703125
47972980.0	0.0703125
47981657.0	0.0703125
47990083.5	0.0703125
47999178.5	0.0703125
48006141.0	0.0703125
48013876.0	0.0703125
48022197.5	0.0703125
48030051.5	0.0703125
48038087.0	0.0703125
48046848.5	0.0703125
48056301.5	0.0703125
48065429.5	0.0703125
48075132.0	0.0703125
48083947.5	0.0703125
48093517.5	0.0703125
48104179.5	0.0703125
48114705.0	0.0703125
48123934.5	0.0703125
48133422.5	0.0703125
48143913.0	0.0703125
48159290.0	0.0703125
48170295.0	0.0703125
48178332.5	0.0703125
48187114.0	0.0703125
48196871.0	0.0703125
48205412.0	0.0703125
48215777.0	0.0703125
48226197.5	0.0703125
48236161.5	0.0703125
48242916.0	0.0703125
48250770.5	0.0703125
48259403.5	0.0703125
48267397.5	0.0703125
48274836.5	0.0703125
48284264.5	0.0703125
48294297.0	0.0859375
48303348.5	0.0703125
48313720.0	0.0703125
48321036.5	0.0703125
48328580.0	0.0703125
48339103.0	0.0703125
48348674.5	0.0703125
48358353.0	0.0703125
48369008.0	0.0703125
48377899.5	0.0703125
48388498.5	0.0703125
48397184.5	0.0703125
48406842.0	0.0703125
48416974.5	0.0703125
48426961.0	0.0703125
48437091.0	0.0703125
48447693.0	0.0703125
48458861.0	0.0703125
48467405.0	0.0703125
48474771.5	0.0703125
48486273.5	0.0703125
48496166.0	0.0703125
48503733.0	0.0703125
48512887.0	0.0703125
48520793.5	0.0703125
48528355.0	0.0703125
48536891.5	0.0703125
48549296.5	0.0703125
48557769.0	0.0703125
48566495.0	0.0703125
48574329.5	0.0703125
48582418.5	0.0703125
48591858.0	0.0703125
48599736.5	0.0703125
48608131.5	0.0703125
48618433.5	0.0703125
48630024.5	0.0703125
48638928.5	0.0703125
48645907.0	0.0703125
48654057.0	0.0703125
48661048.0	0.0703125
48668831.0	0.0703125
48676867.5	0.0703125
48684138.0	0.0703125
48691634.5	0.0703125
48700489.5	0.0703125
48708752.5	0.0703125
48715873.5	0.0703125
48723477.5	0.0703125
48731306.5	0.0703125
48738714.0	0.0703125
48747632.0	0.0703125
48755408.0	0.0703125
48765422.0	0.0703125
48775408.0	0.0703125
48784320.5	0.0703125
48793243.0	0.0703125
48804158.5	0.0703125
48813791.0	0.0703125
48825136.5	0.0703125
48833852.5	0.0703125
48842946.5	0.0703125
48851000.5	0.0703125
48859317.0	0.0703125
48868548.0	0.0703125
48875681.5	0.0703125
48884470.5	0.0703125
48892437.0	0.0703125
48902426.0	0.0703125
48910405.5	0.0703125
48919496.5	0.0703125
48928168.5	0.0703125
48937647.0	0.0703125
48947467.5	0.0703125
48956839.0	0.0703125
48970534.0	0.0703125
48980013.0	0.0703125
48989652.5	0.0703125
48999752.5	0.0703125
49012862.0	0.0703125
49023141.0	0.0703125
49031348.5	0.0703125
49039174.5	0.0703125
49047446.0	0.0703125
49056568.0	0.0703125
49067295.0	0.0703125
49081285.5	0.0703125
49093410.5	0.0703125
49105958.0	0.0703125
49118000.5	0.0703125
49130694.0	0.0703125
49146697.5	0.0703125
49164156.0	0.0703125
49185930.5	0.0703125
49204436.0	0.0703125
49225057.0	0.0703125
49248407.5	0.0703125
49270174.5	0.0703125
49300807.5	0.0703125
49326317.5	0.0703125
